Matrix Key,Area,Asset,Canonical ID,Repository Filename,Media Type,Batch,Evidence Strength,Inclusion,Story Role,Narrative Story,Primary Narrative Section,Proposed Report Use,Qualification / Caution,Inspector Review,Inspector Note
UGCrusher-REF-001,Underground - Central Block,Underground Crusher,UGCrusher-REF-001,UGCrusher-REF-001.JPG,Photo,F,Direct,E,EXTENT / SEVERITY; CONSEQUENCE,Material-loss condition at the underground start of the conveyor ecosystem,5. The Material Journey / 7. Overall Spillage Picture,Hero overall mixed lump/fines accumulation with standing water; establishes starting-point condition.,Water is visible but its source is unknown. Deposits are consistent with recorded carryback but not every deposit is proven to originate from carryback.,ACCEPTED,
UGCrusher-REF-002,Underground - Central Block,Underground Crusher,UGCrusher-REF-002,UGCrusher-REF-002.JPG,Photo,F,Direct,E,DEFECT / CONDITION; EXTENT / SEVERITY,Material-loss condition at the underground start of the conveyor ecosystem,5. The Material Journey / 7. Overall Spillage Picture,Strong mixed coarse/fines accumulation beneath the conveyor/crusher structure.,Water is visible but its source is unknown. Deposits are consistent with recorded carryback but not every deposit is proven to originate from carryback.,ACCEPTED,
UGCrusher-REF-003,Underground - Central Block,Underground Crusher,UGCrusher-REF-003,UGCrusher-REF-003.JPG,Photo,F,Direct / Supporting,S,MECHANISM; DEFECT / CONDITION,Material-loss condition at the underground start of the conveyor ecosystem,5. The Material Journey / 7. Overall Spillage Picture,Under-belt fines with scattered fragments supporting return-side accumulation context.,Water is visible but its source is unknown. Deposits are consistent with recorded carryback but not every deposit is proven to originate from carryback.,PENDING,
UGCrusher-REF-004,Underground - Central Block,Underground Crusher,UGCrusher-REF-004,UGCrusher-REF-004.JPG,Photo,F,Context,S,TOPOLOGY / ORIENTATION; PROCESS RELATIONSHIP,Material-loss condition at the underground start of the conveyor ecosystem,5. The Material Journey / 7. Overall Spillage Picture,Useful route/orientation image to establish the underground starting point.,Water is visible but its source is unknown. Deposits are consistent with recorded carryback but not every deposit is proven to originate from carryback.,PENDING,
UGCrusher-REF-005,Underground - Central Block,Underground Crusher,UGCrusher-REF-005,UGCrusher-REF-005.JPG,Photo,F,Direct / Supporting,S,PROCESS RELATIONSHIP; EXTENT / SEVERITY,Material-loss condition at the underground start of the conveyor ecosystem,5. The Material Journey / 7. Overall Spillage Picture,"Shows product retained above floor level within structure, supporting distributed contamination.",Water is visible but its source is unknown. Deposits are consistent with recorded carryback but not every deposit is proven to originate from carryback.,PENDING,
UGUC05_04_03_02_01-REF-001,Underground - Central Block,UC05-UC01 Continuous Conveyor System,UGUC05_04_03_02_01-REF-001,UGUC05_04_03_02_01-REF-001.JPG,Photo,F,Supporting / Context,S,EXTENT / SEVERITY; PROCESS RELATIONSHIP,Distributed fines accumulation along the continuous underground route,5. The Material Journey / 8. Fines Are Being Lost Progressively,Supporting evidence for distributed fines accumulation along the continuous underground route.,Carryback is a mechanism interpretation rather than sole proven origin of every deposit. Recent cleaning history for comparatively clear sections remains source-recorded.,PENDING,
UGUC05_04_03_02_01-REF-002,Underground - Central Block,UC05-UC01 Continuous Conveyor System,UGUC05_04_03_02_01-REF-002,UGUC05_04_03_02_01-REF-002.JPG,Photo,F,Direct,S,EXTENT / SEVERITY; PROCESS RELATIONSHIP,Distributed fines accumulation along the continuous underground route,5. The Material Journey / 8. Fines Are Being Lost Progressively,Supporting evidence for distributed fines accumulation along the continuous underground route.,Carryback is a mechanism interpretation rather than sole proven origin of every deposit. Recent cleaning history for comparatively clear sections remains source-recorded.,PENDING,
UGUC05_04_03_02_01-REF-003,Underground - Central Block,UC05-UC01 Continuous Conveyor System,UGUC05_04_03_02_01-REF-003,UGUC05_04_03_02_01-REF-003.JPG,Photo,F,Supporting / Context,S,TOPOLOGY / ORIENTATION; PROCESS RELATIONSHIP,Distributed fines accumulation along the continuous underground route,5. The Material Journey / 8. Fines Are Being Lost Progressively,Route/transfer context linking deposits to the continuous conveyor journey.,Carryback is a mechanism interpretation rather than sole proven origin of every deposit. Recent cleaning history for comparatively clear sections remains source-recorded.,PENDING,
UGUC05_04_03_02_01-REF-004,Underground - Central Block,UC05-UC01 Continuous Conveyor System,UGUC05_04_03_02_01-REF-004,UGUC05_04_03_02_01-REF-004.JPG,Photo,F,Direct / Supporting,S,MECHANISM; DEFECT / CONDITION,Distributed fines accumulation along the continuous underground route,5. The Material Journey / 8. Fines Are Being Lost Progressively,Supporting evidence for distributed fines accumulation along the continuous underground route.,Carryback is a mechanism interpretation rather than sole proven origin of every deposit. Recent cleaning history for comparatively clear sections remains source-recorded.,PENDING,
UGUC05_04_03_02_01-REF-005,Underground - Central Block,UC05-UC01 Continuous Conveyor System,UGUC05_04_03_02_01-REF-005,UGUC05_04_03_02_01-REF-005.JPG,Photo,F,Direct,E,DEFECT / CONDITION; EXTENT / SEVERITY,Distributed fines accumulation along the continuous underground route,5. The Material Journey / 8. Fines Are Being Lost Progressively,Essential mixed coarse/fines evidence along the continuous underground route.,Carryback is a mechanism interpretation rather than sole proven origin of every deposit. Recent cleaning history for comparatively clear sections remains source-recorded.,ACCEPTED,
UGUC05_04_03_02_01-REF-006,Underground - Central Block,UC05-UC01 Continuous Conveyor System,UGUC05_04_03_02_01-REF-006,UGUC05_04_03_02_01-REF-006.JPG,Photo,F,Direct,E,EXTENT / SEVERITY; PROCESS RELATIONSHIP,Distributed fines accumulation along the continuous underground route,5. The Material Journey / 8. Fines Are Being Lost Progressively,Hero under-conveyor fines mound demonstrating severe local accumulation.,Carryback is a mechanism interpretation rather than sole proven origin of every deposit. Recent cleaning history for comparatively clear sections remains source-recorded.,ACCEPTED,
UGUC05_04_03_02_01-REF-007,Underground - Central Block,UC05-UC01 Continuous Conveyor System,UGUC05_04_03_02_01-REF-007,UGUC05_04_03_02_01-REF-007.JPG,Photo,F,Direct inspected-condition baseline / Context,E,COMPARATOR / CLEAN CONDITION; TOPOLOGY / ORIENTATION,Distributed fines accumulation along the continuous underground route,5. The Material Journey / 8. Fines Are Being Lost Progressively,Essential comparatively clear comparator demonstrating variation along the route; recent-cleaning explanation remains source-recorded.,Carryback is a mechanism interpretation rather than sole proven origin of every deposit. Recent cleaning history for comparatively clear sections remains source-recorded.,ACCEPTED,
UGUC05_04_03_02_01-REF-008,Underground - Central Block,UC05-UC01 Continuous Conveyor System,UGUC05_04_03_02_01-REF-008,UGUC05_04_03_02_01-REF-008.JPG,Photo,F,Direct,E,EXTENT / SEVERITY; PROCESS RELATIONSHIP,Distributed fines accumulation along the continuous underground route,5. The Material Journey / 8. Fines Are Being Lost Progressively,Second strong severe under-conveyor fines mound.,Carryback is a mechanism interpretation rather than sole proven origin of every deposit. Recent cleaning history for comparatively clear sections remains source-recorded.,ACCEPTED,
UGUC05_04_03_02_01-REF-009,Underground - Central Block,UC05-UC01 Continuous Conveyor System,UGUC05_04_03_02_01-REF-009,UGUC05_04_03_02_01-REF-009.JPG,Photo,F,Direct,S,MECHANISM; DEFECT / CONDITION,Distributed fines accumulation along the continuous underground route,5. The Material Journey / 8. Fines Are Being Lost Progressively,Supporting evidence for distributed fines accumulation along the continuous underground route.,Carryback is a mechanism interpretation rather than sole proven origin of every deposit. Recent cleaning history for comparatively clear sections remains source-recorded.,PENDING,
UGUC05_04_03_02_01-REF-010,Underground - Central Block,UC05-UC01 Continuous Conveyor System,UGUC05_04_03_02_01-REF-010,UGUC05_04_03_02_01-REF-010.JPG,Photo,F,Supporting / Context,S,COMPARATOR / CLEAN CONDITION; TOPOLOGY / ORIENTATION,Distributed fines accumulation along the continuous underground route,5. The Material Journey / 8. Fines Are Being Lost Progressively,Supporting evidence for distributed fines accumulation along the continuous underground route.,Carryback is a mechanism interpretation rather than sole proven origin of every deposit. Recent cleaning history for comparatively clear sections remains source-recorded.,PENDING,
UGUC05_04_03_02_01-REF-011,Underground - Central Block,UC05-UC01 Continuous Conveyor System,UGUC05_04_03_02_01-REF-011,UGUC05_04_03_02_01-REF-011.JPG,Photo,F,Direct,S,MECHANISM; DEFECT / CONDITION,Distributed fines accumulation along the continuous underground route,5. The Material Journey / 8. Fines Are Being Lost Progressively,Supporting evidence for distributed fines accumulation along the continuous underground route.,Carryback is a mechanism interpretation rather than sole proven origin of every deposit. Recent cleaning history for comparatively clear sections remains source-recorded.,PENDING,
UGUC05_04_03_02_01-REF-012,Underground - Central Block,UC05-UC01 Continuous Conveyor System,UGUC05_04_03_02_01-REF-012,UGUC05_04_03_02_01-REF-012.JPG,Photo,F,Direct / Supporting,S,EXTENT / SEVERITY; PROCESS RELATIONSHIP,Distributed fines accumulation along the continuous underground route,5. The Material Journey / 8. Fines Are Being Lost Progressively,Supporting evidence for distributed fines accumulation along the continuous underground route.,Carryback is a mechanism interpretation rather than sole proven origin of every deposit. Recent cleaning history for comparatively clear sections remains source-recorded.,PENDING,
UGUC05_04_03_02_01-REF-013,Underground - Central Block,UC05-UC01 Continuous Conveyor System,UGUC05_04_03_02_01-REF-013,UGUC05_04_03_02_01-REF-013.JPG,Photo,F,Supporting / Context,S,EXTENT / SEVERITY; PROCESS RELATIONSHIP,Distributed fines accumulation along the continuous underground route,5. The Material Journey / 8. Fines Are Being Lost Progressively,Supporting evidence for distributed fines accumulation along the continuous underground route.,Carryback is a mechanism interpretation rather than sole proven origin of every deposit. Recent cleaning history for comparatively clear sections remains source-recorded.,PENDING,
UGUC05_04_03_02_01-REF-014,Underground - Central Block,UC05-UC01 Continuous Conveyor System,UGUC05_04_03_02_01-REF-014,UGUC05_04_03_02_01-REF-014.JPG,Photo,F,Direct,S,EXTENT / SEVERITY; PROCESS RELATIONSHIP,Distributed fines accumulation along the continuous underground route,5. The Material Journey / 8. Fines Are Being Lost Progressively,Supporting evidence for distributed fines accumulation along the continuous underground route.,Carryback is a mechanism interpretation rather than sole proven origin of every deposit. Recent cleaning history for comparatively clear sections remains source-recorded.,PENDING,
UGUC05_04_03_02_01-REF-015,Underground - Central Block,UC05-UC01 Continuous Conveyor System,UGUC05_04_03_02_01-REF-015,UGUC05_04_03_02_01-REF-015.JPG,Photo,F,Direct,E,EXTENT / SEVERITY; PROCESS RELATIONSHIP,Distributed fines accumulation along the continuous underground route,5. The Material Journey / 8. Fines Are Being Lost Progressively,Hero wider longitudinal accumulation image supporting distributed recurrence.,Carryback is a mechanism interpretation rather than sole proven origin of every deposit. Recent cleaning history for comparatively clear sections remains source-recorded.,ACCEPTED,
UGUC05_04_03_02_01-REF-016,Underground - Central Block,UC05-UC01 Continuous Conveyor System,UGUC05_04_03_02_01-REF-016,UGUC05_04_03_02_01-REF-016.JPG,Photo,F,Direct,S,EXTENT / SEVERITY; PROCESS RELATIONSHIP,Distributed fines accumulation along the continuous underground route,5. The Material Journey / 8. Fines Are Being Lost Progressively,Strong alternate severe local accumulation image.,Carryback is a mechanism interpretation rather than sole proven origin of every deposit. Recent cleaning history for comparatively clear sections remains source-recorded.,PENDING,
UGU3-REF-001,Underground - Secondary Plant,U3 Conveyor,UGU3-REF-001,UGU3-REF-001.JPG,Photo,F,Context only,A,TOPOLOGY / ORIENTATION,Local conveyor-adjacent accumulation with roadway-attribution caution,7. Overall Spillage Picture / Other Supporting Asset Findings,Supporting evidence for local conveyor-adjacent accumulation with roadway-attribution caution.,Coarse rock on the underground roadway must not automatically be attributed to conveyor spillage; favour deposits immediately beneath/adjacent to conveyor structure.,ACCEPTED,
UGU3-REF-002,Underground - Secondary Plant,U3 Conveyor,UGU3-REF-002,UGU3-REF-002.JPG,Photo,F,Supporting / Context,A,TOPOLOGY / ORIENTATION; EXTENT / SEVERITY,Local conveyor-adjacent accumulation with roadway-attribution caution,7. Overall Spillage Picture / Other Supporting Asset Findings,Supporting evidence for local conveyor-adjacent accumulation with roadway-attribution caution.,Coarse rock on the underground roadway must not automatically be attributed to conveyor spillage; favour deposits immediately beneath/adjacent to conveyor structure.,ACCEPTED,
UGU3-REF-003,Underground - Secondary Plant,U3 Conveyor,UGU3-REF-003,UGU3-REF-003.JPG,Photo,F,Supporting / Context,A,TOPOLOGY / ORIENTATION; EXTENT / SEVERITY,Local conveyor-adjacent accumulation with roadway-attribution caution,7. Overall Spillage Picture / Other Supporting Asset Findings,Supporting evidence for local conveyor-adjacent accumulation with roadway-attribution caution.,Coarse rock on the underground roadway must not automatically be attributed to conveyor spillage; favour deposits immediately beneath/adjacent to conveyor structure.,ACCEPTED,
UGU3-REF-004,Underground - Secondary Plant,U3 Conveyor,UGU3-REF-004,UGU3-REF-004.JPG,Photo,F,Direct,S,DEFECT / CONDITION; EXTENT / SEVERITY,Local conveyor-adjacent accumulation with roadway-attribution caution,7. Overall Spillage Picture / Other Supporting Asset Findings,Strong direct conveyor-adjacent fines/mixed accumulation.,Coarse rock on the underground roadway must not automatically be attributed to conveyor spillage; favour deposits immediately beneath/adjacent to conveyor structure.,PENDING,
UGU3-REF-005,Underground - Secondary Plant,U3 Conveyor,UGU3-REF-005,UGU3-REF-005.JPG,Photo,F,Direct,S,DEFECT / CONDITION; EXTENT / SEVERITY,Local conveyor-adjacent accumulation with roadway-attribution caution,7. Overall Spillage Picture / Other Supporting Asset Findings,Second direct local accumulation beneath/adjacent to equipment.,Coarse rock on the underground roadway must not automatically be attributed to conveyor spillage; favour deposits immediately beneath/adjacent to conveyor structure.,PENDING,
UGU3-REF-006,Underground - Secondary Plant,U3 Conveyor,UGU3-REF-006,UGU3-REF-006.JPG,Photo,F,Supporting / Context,A,TOPOLOGY / ORIENTATION; CONSEQUENCE,Local conveyor-adjacent accumulation with roadway-attribution caution,7. Overall Spillage Picture / Other Supporting Asset Findings,Supporting evidence for local conveyor-adjacent accumulation with roadway-attribution caution.,Coarse rock on the underground roadway must not automatically be attributed to conveyor spillage; favour deposits immediately beneath/adjacent to conveyor structure.,ACCEPTED,
UGU3-REF-007,Underground - Secondary Plant,U3 Conveyor,UGU3-REF-007,UGU3-REF-007.JPG,Photo,F,Direct,E,DEFECT / CONDITION; EXTENT / SEVERITY,Local conveyor-adjacent accumulation with roadway-attribution caution,7. Overall Spillage Picture / Other Supporting Asset Findings,Hero U3 conveyor-adjacent accumulation image.,Coarse rock on the underground roadway must not automatically be attributed to conveyor spillage; favour deposits immediately beneath/adjacent to conveyor structure.,ACCEPTED,
UGU3-REF-008,Underground - Secondary Plant,U3 Conveyor,UGU3-REF-008,UGU3-REF-008.JPG,Photo,F,Supporting / Context,S,TOPOLOGY / ORIENTATION; PROCESS RELATIONSHIP,Local conveyor-adjacent accumulation with roadway-attribution caution,7. Overall Spillage Picture / Other Supporting Asset Findings,Useful underground roadway/conveyor context if qualified carefully.,Coarse rock on the underground roadway must not automatically be attributed to conveyor spillage; favour deposits immediately beneath/adjacent to conveyor structure.,PENDING,
UGU4-REF-001,Underground - Secondary Plant,U4 Tripper Car,UGU4-REF-001,UGU4-REF-001.JPG,Photo,A,Context only,A,TOPOLOGY / ORIENTATION,Mistracking and one-side product loss; U4-specific cleaner geometry,15. U4 Tripper Car - Strong Local Cause-and-Effect Example,Supporting evidence for mistracking and one-side product loss; u4-specific cleaner geometry.,Mistracking and one-side loss are visually verified. Tail-pulley misalignment remains inspector-recorded/visually supported but is not quantitatively proven by the media.,ACCEPTED,
UGU4-REF-002,Underground - Secondary Plant,U4 Tripper Car,UGU4-REF-002,UGU4-REF-002.JPG,Photo,A,Context only,S,TOPOLOGY / ORIENTATION,Mistracking and one-side product loss; U4-specific cleaner geometry,15. U4 Tripper Car - Strong Local Cause-and-Effect Example,General tripper topology and guarded equipment context.,Mistracking and one-side loss are visually verified. Tail-pulley misalignment remains inspector-recorded/visually supported but is not quantitatively proven by the media.,PENDING,
UGU4-REF-003,Underground - Secondary Plant,U4 Tripper Car,UGU4-REF-003,UGU4-REF-003.JPG,Photo,A,Context only,S,TOPOLOGY / ORIENTATION; MAINTENANCE / DESIGN DETAIL,Mistracking and one-side product loss; U4-specific cleaner geometry,15. U4 Tripper Car - Strong Local Cause-and-Effect Example,Supporting evidence for mistracking and one-side product loss; u4-specific cleaner geometry.,Mistracking and one-side loss are visually verified. Tail-pulley misalignment remains inspector-recorded/visually supported but is not quantitatively proven by the media.,PENDING,
UGU4-REF-004,Underground - Secondary Plant,U4 Tripper Car,UGU4-REF-004,UGU4-REF-004.JPG,Photo,A,Supporting,S,MECHANISM; OPERATING CONTEXT,Mistracking and one-side product loss; U4-specific cleaner geometry,15. U4 Tripper Car - Strong Local Cause-and-Effect Example,Longitudinal view supporting belt lateral displacement.,Mistracking and one-side loss are visually verified. Tail-pulley misalignment remains inspector-recorded/visually supported but is not quantitatively proven by the media.,PENDING,
UGU4-REF-005,Underground - Secondary Plant,U4 Tripper Car,UGU4-REF-005,UGU4-REF-005.JPG,Photo,A,Direct,S,EXTENT / SEVERITY; CONSEQUENCE,Mistracking and one-side product loss; U4-specific cleaner geometry,15. U4 Tripper Car - Strong Local Cause-and-Effect Example,Supporting evidence for mistracking and one-side product loss; u4-specific cleaner geometry.,Mistracking and one-side loss are visually verified. Tail-pulley misalignment remains inspector-recorded/visually supported but is not quantitatively proven by the media.,PENDING,
UGU4-REF-006,Underground - Secondary Plant,U4 Tripper Car,UGU4-REF-006,UGU4-REF-006.JPG,Photo,A,Direct,E,EXTENT / SEVERITY; CONSEQUENCE,Mistracking and one-side product loss; U4-specific cleaner geometry,15. U4 Tripper Car - Strong Local Cause-and-Effect Example,Essential severe fines-accumulation consequence image.,Mistracking and one-side loss are visually verified. Tail-pulley misalignment remains inspector-recorded/visually supported but is not quantitatively proven by the media.,ACCEPTED,
UGU4-REF-007,Underground - Secondary Plant,U4 Tripper Car,UGU4-REF-007,UGU4-REF-007.JPG,Photo,A,Direct,E,CONSEQUENCE; EXTENT / SEVERITY,Mistracking and one-side product loss; U4-specific cleaner geometry,15. U4 Tripper Car - Strong Local Cause-and-Effect Example,Essential one-side coarse/lump-product accumulation image.,Mistracking and one-side loss are visually verified. Tail-pulley misalignment remains inspector-recorded/visually supported but is not quantitatively proven by the media.,ACCEPTED,
UGU4-REF-008,Underground - Secondary Plant,U4 Tripper Car,UGU4-REF-008,UGU4-REF-008.JPG,Photo,A,Supporting,S,MECHANISM; OPERATING CONTEXT,Mistracking and one-side product loss; U4-specific cleaner geometry,15. U4 Tripper Car - Strong Local Cause-and-Effect Example,Tail-pulley/belt relationship supporting the recorded alignment concern.,Mistracking and one-side loss are visually verified. Tail-pulley misalignment remains inspector-recorded/visually supported but is not quantitatively proven by the media.,PENDING,
UGU4-REF-009,Underground - Secondary Plant,U4 Tripper Car,UGU4-REF-009,UGU4-REF-009.jpg,Photo,A,Direct,E,MECHANISM; DEFECT / CONDITION,Mistracking and one-side product loss; U4-specific cleaner geometry,15. U4 Tripper Car - Strong Local Cause-and-Effect Example,Principal still directly showing lateral belt mistracking.,Mistracking and one-side loss are visually verified. Tail-pulley misalignment remains inspector-recorded/visually supported but is not quantitatively proven by the media.,ACCEPTED,
UGU4-REF-010,Underground - Secondary Plant,U4 Tripper Car,UGU4-REF-010,UGU4-REF-010.MP4,Video,A,Supporting / source-recorded alignment observation support,S,MECHANISM; OPERATING CONTEXT; SOURCE-RECORDED SUPPORT,Mistracking and one-side product loss; U4-specific cleaner geometry,15. U4 Tripper Car - Strong Local Cause-and-Effect Example,Dynamic tail-pulley/belt evidence supporting the inspector-recorded alignment concern; not quantitative.,Mistracking and one-side loss are visually verified. Tail-pulley misalignment remains inspector-recorded/visually supported but is not quantitatively proven by the media.,PENDING,
UGU4-REF-011,Underground - Secondary Plant,U4 Tripper Car,UGU4-REF-011,UGU4-REF-011.JPG,Photo,A,Direct,E,MAINTENANCE / DESIGN DETAIL; REMEDIAL-CONCEPT CONTEXT,Mistracking and one-side product loss; U4-specific cleaner geometry,15. U4 Tripper Car - Strong Local Cause-and-Effect Example,Essential custom cleaner geometry image explaining why U4 is an exception to generic cleaner standardisation.,Mistracking and one-side loss are visually verified. Tail-pulley misalignment remains inspector-recorded/visually supported but is not quantitatively proven by the media.,ACCEPTED,
UGU4-REF-012,Underground - Secondary Plant,U4 Tripper Car,UGU4-REF-012,UGU4-REF-012.JPG,Photo,A,Direct,S,MAINTENANCE / DESIGN DETAIL; REMEDIAL-CONCEPT CONTEXT,Mistracking and one-side product loss; U4-specific cleaner geometry,15. U4 Tripper Car - Strong Local Cause-and-Effect Example,Second custom-cleaner view retained for layout/detail choice.,Mistracking and one-side loss are visually verified. Tail-pulley misalignment remains inspector-recorded/visually supported but is not quantitatively proven by the media.,PENDING,
UG5A-REF-001,Underground - Silos / Feeders,U5A Conveyor,UG5A-REF-001,UG5A-REF-001.JPG,Photo,F,Direct,S,EXTENT / SEVERITY; CONSEQUENCE,Extensive/widespread return-side fines accumulation,8. Fines Are Being Lost Progressively,Supporting evidence for extensive/widespread return-side fines accumulation.,"Geometry is strongly consistent with return-side carryback, but the stills do not prove carryback as the sole origin of every deposit.",PENDING,
UG5A-REF-002,Underground - Silos / Feeders,U5A Conveyor,UG5A-REF-002,UG5A-REF-002.JPG,Photo,F,Direct,E,EXTENT / SEVERITY; CONSEQUENCE,Extensive/widespread return-side fines accumulation,8. Fines Are Being Lost Progressively,Hero large fines mound beside/under the conveyor.,"Geometry is strongly consistent with return-side carryback, but the stills do not prove carryback as the sole origin of every deposit.",ACCEPTED,
UG5A-REF-003,Underground - Silos / Feeders,U5A Conveyor,UG5A-REF-003,UG5A-REF-003.JPG,Photo,F,Direct,S,EXTENT / SEVERITY; CONSEQUENCE,Extensive/widespread return-side fines accumulation,8. Fines Are Being Lost Progressively,Supporting evidence for extensive/widespread return-side fines accumulation.,"Geometry is strongly consistent with return-side carryback, but the stills do not prove carryback as the sole origin of every deposit.",PENDING,
UG5A-REF-004,Underground - Silos / Feeders,U5A Conveyor,UG5A-REF-004,UG5A-REF-004.JPG,Photo,F,Direct / Supporting carryback geometry,E,MECHANISM; DEFECT / CONDITION; PROCESS RELATIONSHIP,Extensive/widespread return-side fines accumulation,8. Fines Are Being Lost Progressively,Essential return-side geometry image with fines directly beneath the return belt/roller region.,"Geometry is strongly consistent with return-side carryback, but the stills do not prove carryback as the sole origin of every deposit.",ACCEPTED,
UG5A-REF-005,Underground - Silos / Feeders,U5A Conveyor,UG5A-REF-005,UG5A-REF-005.JPG,Photo,F,Direct,S,EXTENT / SEVERITY; CONSEQUENCE,Extensive/widespread return-side fines accumulation,8. Fines Are Being Lost Progressively,Supporting evidence for extensive/widespread return-side fines accumulation.,"Geometry is strongly consistent with return-side carryback, but the stills do not prove carryback as the sole origin of every deposit.",PENDING,
UG5A-REF-006,Underground - Silos / Feeders,U5A Conveyor,UG5A-REF-006,UG5A-REF-006.JPG,Photo,F,Direct,E,EXTENT / SEVERITY; TOPOLOGY / ORIENTATION,Extensive/widespread return-side fines accumulation,8. Fines Are Being Lost Progressively,Essential long view showing widespread longitudinal fines accumulation.,"Geometry is strongly consistent with return-side carryback, but the stills do not prove carryback as the sole origin of every deposit.",ACCEPTED,
UG5A-REF-007,Underground - Silos / Feeders,U5A Conveyor,UG5A-REF-007,UG5A-REF-007.JPG,Photo,F,Direct,S,EXTENT / SEVERITY; TOPOLOGY / ORIENTATION,Extensive/widespread return-side fines accumulation,8. Fines Are Being Lost Progressively,Second long view supporting the widespread classification.,"Geometry is strongly consistent with return-side carryback, but the stills do not prove carryback as the sole origin of every deposit.",PENDING,
UG5A-REF-008,Underground - Silos / Feeders,U5A Conveyor,UG5A-REF-008,UG5A-REF-008.JPG,Photo,F,Context only,A,TOPOLOGY / ORIENTATION,Extensive/widespread return-side fines accumulation,8. Fines Are Being Lost Progressively,Supporting evidence for extensive/widespread return-side fines accumulation.,"Geometry is strongly consistent with return-side carryback, but the stills do not prove carryback as the sole origin of every deposit.",ACCEPTED,
UG5A-REF-009,Underground - Silos / Feeders,U5A Conveyor,UG5A-REF-009,UG5A-REF-009.JPG,Photo,F,Direct / Supporting,S,TOPOLOGY / ORIENTATION; MECHANISM,Extensive/widespread return-side fines accumulation,8. Fines Are Being Lost Progressively,Supporting route/return-side context with residual fines and scattered coarse material.,"Geometry is strongly consistent with return-side carryback, but the stills do not prove carryback as the sole origin of every deposit.",PENDING,
UG5B-REF-001,Underground - Silos / Feeders,U5B Conveyor,UG5B-REF-001,UG5B-REF-001.JPG,Photo,F,Direct,E,EXTENT / SEVERITY; CONSEQUENCE,Localised fines accumulation with non-widespread comparator,8. Fines Are Being Lost Progressively / Supporting Assets,Principal sizeable local fines accumulation image.,"Retain trace-to-localised overall classification even though individual local deposits are sizeable. Carryback remains a mechanism interpretation, not sole proven origin.",ACCEPTED,
UG5B-REF-002,Underground - Silos / Feeders,U5B Conveyor,UG5B-REF-002,UG5B-REF-002.JPG,Photo,F,Direct / Supporting,S,DEFECT / CONDITION; PROCESS RELATIONSHIP,Localised fines accumulation with non-widespread comparator,8. Fines Are Being Lost Progressively / Supporting Assets,Supporting evidence for localised fines accumulation with non-widespread comparator.,"Retain trace-to-localised overall classification even though individual local deposits are sizeable. Carryback remains a mechanism interpretation, not sole proven origin.",PENDING,
UG5B-REF-003,Underground - Silos / Feeders,U5B Conveyor,UG5B-REF-003,UG5B-REF-003.JPG,Photo,F,Direct / Supporting carryback geometry,E,MECHANISM; DEFECT / CONDITION,Localised fines accumulation with non-widespread comparator,8. Fines Are Being Lost Progressively / Supporting Assets,Return-side geometry supporting the carryback interpretation.,"Retain trace-to-localised overall classification even though individual local deposits are sizeable. Carryback remains a mechanism interpretation, not sole proven origin.",ACCEPTED,
UG5B-REF-004,Underground - Silos / Feeders,U5B Conveyor,UG5B-REF-004,UG5B-REF-004.JPG,Photo,F,Direct / Supporting carryback geometry,S,MECHANISM; DEFECT / CONDITION,Localised fines accumulation with non-widespread comparator,8. Fines Are Being Lost Progressively / Supporting Assets,Supporting evidence for localised fines accumulation with non-widespread comparator.,"Retain trace-to-localised overall classification even though individual local deposits are sizeable. Carryback remains a mechanism interpretation, not sole proven origin.",PENDING,
UG5B-REF-005,Underground - Silos / Feeders,U5B Conveyor,UG5B-REF-005,UG5B-REF-005.JPG,Photo,F,Direct,S,EXTENT / SEVERITY; CONSEQUENCE,Localised fines accumulation with non-widespread comparator,8. Fines Are Being Lost Progressively / Supporting Assets,Second sizeable local mixed fines/coarse accumulation.,"Retain trace-to-localised overall classification even though individual local deposits are sizeable. Carryback remains a mechanism interpretation, not sole proven origin.",PENDING,
UG5B-REF-006,Underground - Silos / Feeders,U5B Conveyor,UG5B-REF-006,UG5B-REF-006.JPG,Photo,F,Context / Supporting,E,COMPARATOR / CLEAN CONDITION; TOPOLOGY / ORIENTATION,Localised fines accumulation with non-widespread comparator,8. Fines Are Being Lost Progressively / Supporting Assets,Important wider comparator showing the condition is not uniformly widespread along the inspected route.,"Retain trace-to-localised overall classification even though individual local deposits are sizeable. Carryback remains a mechanism interpretation, not sole proven origin.",ACCEPTED,
W10-REF-001,Surface - Screening,W10 Conveyor - Primary Feed,W10-REF-001,W10-REF-001.jpg,Photo,D,Direct / Supporting,S,EXTENT / SEVERITY,Coarse/mixed-product containment in a confined tunnel,12. W10 - Coarse Product Loss in a Confined Tunnel,Supporting evidence for coarse/mixed-product containment in a confined tunnel.,Exact initiating cause of every W10 deposit remains unresolved; do not present the side-containment concept as a final design.,PENDING,
W10-REF-002,Surface - Screening,W10 Conveyor - Primary Feed,W10-REF-002,W10-REF-002.jpg,Photo,D,Direct,E,EXTENT / SEVERITY,Coarse/mixed-product containment in a confined tunnel,12. W10 - Coarse Product Loss in a Confined Tunnel,Hero evidence of coarse/mixed product occupying a substantial portion of the confined tunnel access route.,Exact initiating cause of every W10 deposit remains unresolved; do not present the side-containment concept as a final design.,ACCEPTED,
W10-REF-003,Surface - Screening,W10 Conveyor - Primary Feed,W10-REF-003,W10-REF-003.jpg,Photo,D,Direct,S,EXTENT / SEVERITY,Coarse/mixed-product containment in a confined tunnel,12. W10 - Coarse Product Loss in a Confined Tunnel,Supporting evidence for coarse/mixed-product containment in a confined tunnel.,Exact initiating cause of every W10 deposit remains unresolved; do not present the side-containment concept as a final design.,PENDING,
W10-REF-004,Surface - Screening,W10 Conveyor - Primary Feed,W10-REF-004,W10-REF-004.jpg,Photo,D,Direct,S,EXTENT / SEVERITY,Coarse/mixed-product containment in a confined tunnel,12. W10 - Coarse Product Loss in a Confined Tunnel,Supporting evidence for coarse/mixed-product containment in a confined tunnel.,Exact initiating cause of every W10 deposit remains unresolved; do not present the side-containment concept as a final design.,PENDING,
W10-REF-005,Surface - Screening,W10 Conveyor - Primary Feed,W10-REF-005,W10-REF-005.jpg,Photo,D,Direct,S,EXTENT / SEVERITY,Coarse/mixed-product containment in a confined tunnel,12. W10 - Coarse Product Loss in a Confined Tunnel,Supporting evidence for coarse/mixed-product containment in a confined tunnel.,Exact initiating cause of every W10 deposit remains unresolved; do not present the side-containment concept as a final design.,PENDING,
W10-REF-006,Surface - Screening,W10 Conveyor - Primary Feed,W10-REF-006,W10-REF-006.jpg,Photo,D,Direct / Supporting,E,TOPOLOGY / ORIENTATION; PROCESS RELATIONSHIP; EXTENT / SEVERITY,Coarse/mixed-product containment in a confined tunnel,12. W10 - Coarse Product Loss in a Confined Tunnel,Shows product distributed below the conveyor around components while also explaining the restricted-access geometry.,Exact initiating cause of every W10 deposit remains unresolved; do not present the side-containment concept as a final design.,ACCEPTED,
W10-REF-007,Surface - Screening,W10 Conveyor - Primary Feed,W10-REF-007,W10-REF-007.jpg,Photo,D,Supporting,S,MECHANISM; SUPPORTING CARRYBACK CONTEXT,Coarse/mixed-product containment in a confined tunnel,12. W10 - Coarse Product Loss in a Confined Tunnel,Supporting evidence for coarse/mixed-product containment in a confined tunnel.,Exact initiating cause of every W10 deposit remains unresolved; do not present the side-containment concept as a final design.,PENDING,
W10-REF-008,Surface - Screening,W10 Conveyor - Primary Feed,W10-REF-008,W10-REF-008.jpg,Photo,D,Direct,S,EXTENT / SEVERITY,Coarse/mixed-product containment in a confined tunnel,12. W10 - Coarse Product Loss in a Confined Tunnel,Supporting evidence for coarse/mixed-product containment in a confined tunnel.,Exact initiating cause of every W10 deposit remains unresolved; do not present the side-containment concept as a final design.,PENDING,
W10-REF-009,Surface - Screening,W10 Conveyor - Primary Feed,W10-REF-009,W10-REF-009.jpg,Photo,D,Direct,S,DEFECT / CONDITION; REMEDIAL-CONCEPT CONTEXT,Coarse/mixed-product containment in a confined tunnel,12. W10 - Coarse Product Loss in a Confined Tunnel,Close evidence of coarse product immediately beside conveyor support steel; useful when discussing local lateral-containment feasibility.,Exact initiating cause of every W10 deposit remains unresolved; do not present the side-containment concept as a final design.,PENDING,
W10-REF-010,Surface - Screening,W10 Conveyor - Primary Feed,W10-REF-010,W10-REF-010.jpg,Photo,D,Direct / Context,E,TOPOLOGY / ORIENTATION; CONSEQUENCE,Coarse/mixed-product containment in a confined tunnel,12. W10 - Coarse Product Loss in a Confined Tunnel,"Long tunnel view establishing confined topology, restricted access and why escaped product has disproportionate consequence.",Exact initiating cause of every W10 deposit remains unresolved; do not present the side-containment concept as a final design.,ACCEPTED,
W10-REF-011,Surface - Screening,W10 Conveyor - Primary Feed,W10-REF-011,W10-REF-011.jpg,Photo,D,Supporting / Context,S,OPERATING CONTEXT; TOPOLOGY / ORIENTATION; MECHANISM,Coarse/mixed-product containment in a confined tunnel,12. W10 - Coarse Product Loss in a Confined Tunnel,Operating/empty-belt context with fines coating; useful for explaining that W10 contains both coarse transit loss and fines/carryback context.,Exact initiating cause of every W10 deposit remains unresolved; do not present the side-containment concept as a final design.,PENDING,
W10-REF-012,Surface - Screening,W10 Conveyor - Primary Feed,W10-REF-012,W10-REF-012.jpg,Photo,D,Direct / Supporting,S,EXTENT / SEVERITY,Coarse/mixed-product containment in a confined tunnel,12. W10 - Coarse Product Loss in a Confined Tunnel,Supporting evidence for coarse/mixed-product containment in a confined tunnel.,Exact initiating cause of every W10 deposit remains unresolved; do not present the side-containment concept as a final design.,PENDING,
CV01-REF-001,Surface - Screening,CV01,CV01-REF-001,CV01-REF-001.jpg,Photo,D,Direct physical damage / source-recorded seized condition,E,DEFECT / CONDITION; MAINTENANCE / DESIGN DETAIL,Wet fines/slurry and local roller-condition contributor,8. Fines Are Being Lost Progressively / 17. Water as a Material-Transport Mechanism,Principal image of severe return-roller surface damage; supports a local maintenance contributor.,"Static photograph proves visible roller damage, not the recorded seized operating state; exact water source is not established by these stills.",ACCEPTED,
CV01-REF-002,Surface - Screening,CV01,CV01-REF-002,CV01-REF-002.jpg,Photo,D,Supporting / Context,A,TOPOLOGY / ORIENTATION; MECHANISM,Wet fines/slurry and local roller-condition contributor,8. Fines Are Being Lost Progressively / 17. Water as a Material-Transport Mechanism,Supporting evidence for wet fines/slurry and local roller-condition contributor.,"Static photograph proves visible roller damage, not the recorded seized operating state; exact water source is not established by these stills.",ACCEPTED,
CV01-REF-003,Surface - Screening,CV01,CV01-REF-003,CV01-REF-003.jpg,Photo,D,Direct,E,DEFECT / CONDITION; CONSEQUENCE,Wet fines/slurry and local roller-condition contributor,8. Fines Are Being Lost Progressively / 17. Water as a Material-Transport Mechanism,Principal wet-fines/slurry consequence image with pooled water/slurry.,"Static photograph proves visible roller damage, not the recorded seized operating state; exact water source is not established by these stills.",ACCEPTED,
CV01-REF-004,Surface - Screening,CV01,CV01-REF-004,CV01-REF-004.jpg,Photo,D,Direct,S,EXTENT / SEVERITY; CONSEQUENCE,Wet fines/slurry and local roller-condition contributor,8. Fines Are Being Lost Progressively / 17. Water as a Material-Transport Mechanism,Wider wet-fines/slurry extent and surrounding condition.,"Static photograph proves visible roller damage, not the recorded seized operating state; exact water source is not established by these stills.",PENDING,
CV02-REF-001,Surface - Screening,CV02,CV02-REF-001,CV02-REF-001.jpg,Photo,D,Direct,E,EXTENT / SEVERITY; DEFECT / CONDITION,Local mixed-product loss and return-side accumulation,7. Overall Spillage Picture / 8. Fines Are Being Lost Progressively,Strong overall dry fines and mixed/lump-product spillage below the transfer.,The photographs prove deposits but do not establish a single initiating mechanism for all material.,ACCEPTED,
CV02-REF-002,Surface - Screening,CV02,CV02-REF-002,CV02-REF-002.jpg,Photo,D,Context / Supporting,A,TOPOLOGY / ORIENTATION,Local mixed-product loss and return-side accumulation,7. Overall Spillage Picture / 8. Fines Are Being Lost Progressively,Supporting evidence for local mixed-product loss and return-side accumulation.,The photographs prove deposits but do not establish a single initiating mechanism for all material.,ACCEPTED,
CV02-REF-003,Surface - Screening,CV02,CV02-REF-003,CV02-REF-003.jpg,Photo,D,Direct,E,MECHANISM; DEFECT / CONDITION,Local mixed-product loss and return-side accumulation,7. Overall Spillage Picture / 8. Fines Are Being Lost Progressively,"Return-side/support-area accumulation, useful in the broader fines/carryback story.",The photographs prove deposits but do not establish a single initiating mechanism for all material.,ACCEPTED,
CV02-REF-004,Surface - Screening,CV02,CV02-REF-004,CV02-REF-004.jpg,Photo,D,Context / Supporting,A,TOPOLOGY / ORIENTATION,Local mixed-product loss and return-side accumulation,7. Overall Spillage Picture / 8. Fines Are Being Lost Progressively,Supporting evidence for local mixed-product loss and return-side accumulation.,The photographs prove deposits but do not establish a single initiating mechanism for all material.,ACCEPTED,
CV03-REF-001,Surface - Screening,CV03,CV03-REF-001,CV03-REF-001.jpg,Photo,D,Context only,A,TOPOLOGY / ORIENTATION,Clean/no-significant-spillage comparator,7. Overall Spillage Picture / Supporting Comparators,Supporting evidence for clean/no-significant-spillage comparator.,Represents the inspected condition only; does not prove CV03 can never spill under other operating states.,ACCEPTED,
CV03-REF-002,Surface - Screening,CV03,CV03-REF-002,CV03-REF-002.jpg,Photo,D,Direct inspected-condition baseline,E,COMPARATOR / CLEAN CONDITION,Clean/no-significant-spillage comparator,7. Overall Spillage Picture / Supporting Comparators,Preferred clean-condition comparator demonstrating that the audit did not classify every inspected conveyor as a significant spillage location.,Represents the inspected condition only; does not prove CV03 can never spill under other operating states.,ACCEPTED,
CV03-REF-003,Surface - Screening,CV03,CV03-REF-003,CV03-REF-003.jpg,Photo,D,Direct inspected-condition baseline,A,COMPARATOR / CLEAN CONDITION,Clean/no-significant-spillage comparator,7. Overall Spillage Picture / Supporting Comparators,Secondary clean comparator retained for appendix/reference or layout choice.,Represents the inspected condition only; does not prove CV03 can never spill under other operating states.,ACCEPTED,
CV04-REF-001,Surface - Screening,CV04,CV04-REF-001,CV04-REF-001.jpg,Photo,D,Context only,A,TOPOLOGY / ORIENTATION,Wet fines/slurry and widespread accumulation,8. Fines Are Being Lost Progressively / 17. Water as a Material-Transport Mechanism,Supporting evidence for wet fines/slurry and widespread accumulation.,Photographs verify wet/slurry condition and extent but do not by themselves establish the upstream source of all water/material.,ACCEPTED,
CV04-REF-002,Surface - Screening,CV04,CV04-REF-002,CV04-REF-002.jpg,Photo,D,Direct,E,DEFECT / CONDITION; CONSEQUENCE; OPERATING CONTEXT,Wet fines/slurry and widespread accumulation,8. Fines Are Being Lost Progressively / 17. Water as a Material-Transport Mechanism,Hero image of saturated wet-fines/slurry with visible wet fallout/droplets.,Photographs verify wet/slurry condition and extent but do not by themselves establish the upstream source of all water/material.,ACCEPTED,
CV04-REF-003,Surface - Screening,CV04,CV04-REF-003,CV04-REF-003.jpg,Photo,D,Context only,A,TOPOLOGY / ORIENTATION,Wet fines/slurry and widespread accumulation,8. Fines Are Being Lost Progressively / 17. Water as a Material-Transport Mechanism,Supporting evidence for wet fines/slurry and widespread accumulation.,Photographs verify wet/slurry condition and extent but do not by themselves establish the upstream source of all water/material.,ACCEPTED,
CV04-REF-004,Surface - Screening,CV04,CV04-REF-004,CV04-REF-004.jpg,Photo,D,Direct,S,DEFECT / CONDITION,Wet fines/slurry and widespread accumulation,8. Fines Are Being Lost Progressively / 17. Water as a Material-Transport Mechanism,Close supporting view of heavily saturated fines/slurry.,Photographs verify wet/slurry condition and extent but do not by themselves establish the upstream source of all water/material.,PENDING,
CV04-REF-005,Surface - Screening,CV04,CV04-REF-005,CV04-REF-005.jpg,Photo,D,Direct,E,EXTENT / SEVERITY,Wet fines/slurry and widespread accumulation,8. Fines Are Being Lost Progressively / 17. Water as a Material-Transport Mechanism,Wider evidence of multiple fines piles supporting the extensive/widespread classification.,Photographs verify wet/slurry condition and extent but do not by themselves establish the upstream source of all water/material.,ACCEPTED,
CV06-REF-001,Surface - Screening,CV06,CV06-REF-001,CV06-REF-001.jpg,Photo,A,Context only,S,TOPOLOGY / ORIENTATION,Mechanical/maintenance failure of belt cleaner,9. Why Belt Cleaning Alone Is Not the Full Control Function - CV06,Useful orientation image if needed to place the cleaner defect within the local conveyor/transfer arrangement.,"Images prove the physical condition, not why the bush displaced or why/when blades were lost. Poor housing design remains a working assessment.",PENDING,
CV06-REF-002,Surface - Screening,CV06,CV06-REF-002,CV06-REF-002.jpg,Photo,A,Context only,A,TOPOLOGY / ORIENTATION,Mechanical/maintenance failure of belt cleaner,9. Why Belt Cleaning Alone Is Not the Full Control Function - CV06,Supporting evidence for mechanical/maintenance failure of belt cleaner.,"Images prove the physical condition, not why the bush displaced or why/when blades were lost. Poor housing design remains a working assessment.",ACCEPTED,
CV06-REF-003,Surface - Screening,CV06,CV06-REF-003,CV06-REF-003.jpg,Photo,A,Context / Supporting,S,OPERATING CONTEXT; PROCESS RELATIONSHIP,Mechanical/maintenance failure of belt cleaner,9. Why Belt Cleaning Alone Is Not the Full Control Function - CV06,Loaded-belt operating context supporting the cleaner case study.,"Images prove the physical condition, not why the bush displaced or why/when blades were lost. Poor housing design remains a working assessment.",PENDING,
CV06-REF-004,Surface - Screening,CV06,CV06-REF-004,CV06-REF-004.jpg,Photo,A,Direct,E,DEFECT / CONDITION; MAINTENANCE / DESIGN DETAIL,Mechanical/maintenance failure of belt cleaner,9. Why Belt Cleaning Alone Is Not the Full Control Function - CV06,Essential close evidence of the displaced cleaner support bush/insert.,"Images prove the physical condition, not why the bush displaced or why/when blades were lost. Poor housing design remains a working assessment.",ACCEPTED,
CV06-REF-005,Surface - Screening,CV06,CV06-REF-005,CV06-REF-005.jpg,Photo,A,Direct,E,DEFECT / CONDITION; MAINTENANCE / DESIGN DETAIL,Mechanical/maintenance failure of belt cleaner,9. Why Belt Cleaning Alone Is Not the Full Control Function - CV06,Essential evidence that scraper blades are absent from the working belt width.,"Images prove the physical condition, not why the bush displaced or why/when blades were lost. Poor housing design remains a working assessment.",ACCEPTED,
CV09-REF-001,Surface - Screening,CV09,CV09-REF-001,CV09-REF-001.jpg,Photo,A,Context only,S,TOPOLOGY / ORIENTATION; REMEDIAL-CONCEPT CONTEXT,Cleaner removes wet carryback but containment of removed material fails,9. Why Belt Cleaning Alone Is Not the Full Control Function - CV09 / 10. Proposed Cleaner Philosophy,Orientation/context image to establish the local discharge geometry before presenting the cleaner mechanism.,"Media proves active fallout and local open arrangement but not final chute-extension dimensions, cleaner type or final pilot design.",PENDING,
CV09-REF-002,Surface - Screening,CV09,CV09-REF-002,CV09-REF-002.jpg,Photo,A,Direct,E,CONSEQUENCE; EXTENT / SEVERITY,Cleaner removes wet carryback but containment of removed material fails,9. Why Belt Cleaning Alone Is Not the Full Control Function - CV09 / 10. Proposed Cleaner Philosophy,Essential wet-fines/slurry consequence image beneath the discharge/cleaner area.,"Media proves active fallout and local open arrangement but not final chute-extension dimensions, cleaner type or final pilot design.",ACCEPTED,
CV09-REF-003,Surface - Screening,CV09,CV09-REF-003,CV09-REF-003.jpg,Photo,A,Direct,E,MECHANISM; DEFECT / CONDITION; MAINTENANCE / DESIGN DETAIL,Cleaner removes wet carryback but containment of removed material fails,9. Why Belt Cleaning Alone Is Not the Full Control Function - CV09 / 10. Proposed Cleaner Philosophy,Principal still proving cleaner condition and the open/non-contained local arrangement.,"Media proves active fallout and local open arrangement but not final chute-extension dimensions, cleaner type or final pilot design.",ACCEPTED,
CV09-REF-004,Surface - Screening,CV09,CV09-REF-004,CV09-REF-004.jpg,Photo,A,Supporting,S,EXTENT / SEVERITY; CONSEQUENCE,Cleaner removes wet carryback but containment of removed material fails,9. Why Belt Cleaning Alone Is Not the Full Control Function - CV09 / 10. Proposed Cleaner Philosophy,Shows contamination extending onto structural steel beyond the immediate cleaner.,"Media proves active fallout and local open arrangement but not final chute-extension dimensions, cleaner type or final pilot design.",PENDING,
CV09-REF-005,Surface - Screening,CV09,CV09-REF-005,CV09-REF-005.jpg,Photo,A,Supporting,S,EXTENT / SEVERITY; TOPOLOGY / ORIENTATION,Cleaner removes wet carryback but containment of removed material fails,9. Why Belt Cleaning Alone Is Not the Full Control Function - CV09 / 10. Proposed Cleaner Philosophy,Wider extent/context of deposits below the head/cleaner region.,"Media proves active fallout and local open arrangement but not final chute-extension dimensions, cleaner type or final pilot design.",PENDING,
CV09-REF-006,Surface - Screening,CV09,CV09-REF-006,Cv09-Ref-006.mp4,Video,A,Direct dynamic,E,MECHANISM; OPERATING CONTEXT; CONSEQUENCE,Cleaner removes wet carryback but containment of removed material fails,9. Why Belt Cleaning Alone Is Not the Full Control Function - CV09 / 10. Proposed Cleaner Philosophy,Essential dynamic evidence that wet-material fallout was active during operation.,"Media proves active fallout and local open arrangement but not final chute-extension dimensions, cleaner type or final pilot design.",ACCEPTED,
CV09-REF-007,Surface - Screening,CV09,CV09-REF-007,Cv09-Ref-007.mp4,Video,A,Supporting video,S,TOPOLOGY / ORIENTATION; PROCESS RELATIONSHIP; OPERATING CONTEXT,Cleaner removes wet carryback but containment of removed material fails,9. Why Belt Cleaning Alone Is Not the Full Control Function - CV09 / 10. Proposed Cleaner Philosophy,"Walk-through topology and relationship between cleaner, grating and surrounding structure.","Media proves active fallout and local open arrangement but not final chute-extension dimensions, cleaner type or final pilot design.",PENDING,
CV09-REF-008,Surface - Screening,CV09,CV09-REF-008,Cv09-Ref-008.mp4,Video,A,Direct / Supporting video,E,MECHANISM; MAINTENANCE / DESIGN DETAIL; OPERATING CONTEXT; REMEDIAL-CONCEPT CONTEXT,Cleaner removes wet carryback but containment of removed material fails,9. Why Belt Cleaning Alone Is Not the Full Control Function - CV09 / 10. Proposed Cleaner Philosophy,Strong dynamic/detail evidence of the contaminated cleaner arrangement and useful geometry for the pilot concept.,"Media proves active fallout and local open arrangement but not final chute-extension dimensions, cleaner type or final pilot design.",ACCEPTED,
CV14-REF-001,Surface - Screening,CV14,CV14-REF-001,CV14-REF-001.jpg,Photo,D,Direct / Supporting,S,EXTENT / SEVERITY; CONSEQUENCE,Trace-to-localised carryback,8. Fines Are Being Lost Progressively / Supporting Assets,Trace-level access-grating deposits supporting the low overall severity classification.,Do not escalate the asset to widespread accumulation based on the local mound.,PENDING,
CV14-REF-002,Surface - Screening,CV14,CV14-REF-002,CV14-REF-002.jpg,Photo,D,Direct,E,MECHANISM; DEFECT / CONDITION,Trace-to-localised carryback,8. Fines Are Being Lost Progressively / Supporting Assets,Principal localised fines/carryback mound below the return-side structure.,Do not escalate the asset to widespread accumulation based on the local mound.,ACCEPTED,
CV15-REF-001,Surface - Screening,CV15,CV15-REF-001,CV15-REF-001.jpg,Photo,D,Supporting / Context,S,TOPOLOGY / ORIENTATION; MECHANISM,Distributed fines/carryback around chute E-3181,8. Fines Are Being Lost Progressively / Supporting System Evidence,Discharge/underside context linking widespread deposits to the head-region story.,Stills mainly show dry/dried fines; wet-fines condition and cleaner effectiveness remain source-recorded inspection observations.,PENDING,
CV15-REF-002,Surface - Screening,CV15,CV15-REF-002,CV15-REF-002.jpg,Photo,D,Supporting / Context,E,MAINTENANCE / DESIGN DETAIL; MECHANISM,Distributed fines/carryback around chute E-3181,8. Fines Are Being Lost Progressively / Supporting System Evidence,Closer cleaner/discharge context; supports but does not prove operational cleaner effectiveness.,Stills mainly show dry/dried fines; wet-fines condition and cleaner effectiveness remain source-recorded inspection observations.,ACCEPTED,the changes discussed here are noted in the EVIDENCE_MATRIX_REVIEW_CONTEXT_LOG.md
CV15-REF-003,Surface - Screening,CV15,CV15-REF-003,CV15-REF-003.jpg,Photo,D,Direct context,S,TOPOLOGY / ORIENTATION; PROCESS RELATIONSHIP,Distributed fines/carryback around chute E-3181,8. Fines Are Being Lost Progressively / Supporting System Evidence,Essential E-3181 identification/location traceability.,Stills mainly show dry/dried fines; wet-fines condition and cleaner effectiveness remain source-recorded inspection observations.,PENDING,
CV15-REF-004,Surface - Screening,CV15,CV15-REF-004,CV15-REF-004.jpg,Photo,D,Direct,E,EXTENT / SEVERITY; CONSEQUENCE,Distributed fines/carryback around chute E-3181,8. Fines Are Being Lost Progressively / Supporting System Evidence,Hero evidence of large fines deposits on grating and cross-bracing.,Stills mainly show dry/dried fines; wet-fines condition and cleaner effectiveness remain source-recorded inspection observations.,ACCEPTED,the changes discussed here are noted in the EVIDENCE_MATRIX_REVIEW_CONTEXT_LOG.md
CV15-REF-005,Surface - Screening,CV15,CV15-REF-005,CV15-REF-005.jpg,Photo,D,Direct / Supporting,S,EXTENT / SEVERITY,Distributed fines/carryback around chute E-3181,8. Fines Are Being Lost Progressively / Supporting System Evidence,Supporting evidence for distributed fines/carryback around chute e-3181.,Stills mainly show dry/dried fines; wet-fines condition and cleaner effectiveness remain source-recorded inspection observations.,PENDING,
CV15-REF-006,Surface - Screening,CV15,CV15-REF-006,CV15-REF-006.jpg,Photo,D,Direct,E,EXTENT / SEVERITY; CONSEQUENCE,Distributed fines/carryback around chute E-3181,8. Fines Are Being Lost Progressively / Supporting System Evidence,Strong evidence that fines contamination is distributed across multiple structural members.,Stills mainly show dry/dried fines; wet-fines condition and cleaner effectiveness remain source-recorded inspection observations.,ACCEPTED,the changes discussed here are noted in the EVIDENCE_MATRIX_REVIEW_CONTEXT_LOG.md
CV15-REF-007,Surface - Screening,CV15,CV15-REF-007,CV15-REF-007.jpg,Photo,D,Direct,S,EXTENT / SEVERITY,Distributed fines/carryback around chute E-3181,8. Fines Are Being Lost Progressively / Supporting System Evidence,Supporting evidence for distributed fines/carryback around chute e-3181.,Stills mainly show dry/dried fines; wet-fines condition and cleaner effectiveness remain source-recorded inspection observations.,PENDING,
CV15-REF-008,Surface - Screening,CV15,CV15-REF-008,CV15-REF-008.jpg,Photo,D,Direct,E,CONSEQUENCE; DEFECT / CONDITION,Distributed fines/carryback around chute E-3181,8. Fines Are Being Lost Progressively / Supporting System Evidence,Close consequence image of a large dry/dried fines deposit.,Stills mainly show dry/dried fines; wet-fines condition and cleaner effectiveness remain source-recorded inspection observations.,ACCEPTED,the changes discussed here are noted in the EVIDENCE_MATRIX_REVIEW_CONTEXT_LOG.md
Screen-REF-001,Surface - Screening,Screens / Screen Chutes,Screen-REF-001,Screen-REF-001.jpg,Photo,C,Direct corrosion/deterioration,S,DEFECT / CONDITION; EXTENT / SEVERITY; CONSEQUENCE,Water loss of containment and separate screen-support deterioration,18. Screens - Confirmed Water Escape / Structural Story,Supporting evidence for water loss of containment and separate screen-support deterioration.,Water escape is confirmed but equipment-level cause is unresolved. Physical cut-outs are confirmed; reason for cuts and remaining structural capacity require formal assessment.,PENDING,
Screen-REF-002,Surface - Screening,Screens / Screen Chutes,Screen-REF-002,Screen-REF-002.jpg,Photo,C,Direct corrosion/deterioration,S,DEFECT / CONDITION; EXTENT / SEVERITY; CONSEQUENCE,Water loss of containment and separate screen-support deterioration,18. Screens - Confirmed Water Escape / Structural Story,Supporting evidence for water loss of containment and separate screen-support deterioration.,Water escape is confirmed but equipment-level cause is unresolved. Physical cut-outs are confirmed; reason for cuts and remaining structural capacity require formal assessment.,PENDING,
Screen-REF-003,Surface - Screening,Screens / Screen Chutes,Screen-REF-003,Screen-REF-003.jpg,Photo,C,Supporting / Context,E,TOPOLOGY / ORIENTATION; PROCESS RELATIONSHIP,Water loss of containment and separate screen-support deterioration,18. Screens - Confirmed Water Escape / Structural Story,Wider orientation image showing the screen/chute installation and adjacent structural zone.,Water escape is confirmed but equipment-level cause is unresolved. Physical cut-outs are confirmed; reason for cuts and remaining structural capacity require formal assessment.,ACCEPTED,
Screen-REF-004,Surface - Screening,Screens / Screen Chutes,Screen-REF-004,Screen-REF-004.jpg,Photo,C,Direct corrosion/deterioration,E,DEFECT / CONDITION; EXTENT / SEVERITY; CONSEQUENCE,Water loss of containment and separate screen-support deterioration,18. Screens - Confirmed Water Escape / Structural Story,Principal close corrosion/deterioration evidence.,Water escape is confirmed but equipment-level cause is unresolved. Physical cut-outs are confirmed; reason for cuts and remaining structural capacity require formal assessment.,ACCEPTED,
Screen-REF-005,Surface - Screening,Screens / Screen Chutes,Screen-REF-005,Screen-REF-005.jpg,Photo,C,Direct physical damage,S,DEFECT / CONDITION; MAINTENANCE / DESIGN DETAIL,Water loss of containment and separate screen-support deterioration,18. Screens - Confirmed Water Escape / Structural Story,Supporting evidence for water loss of containment and separate screen-support deterioration.,Water escape is confirmed but equipment-level cause is unresolved. Physical cut-outs are confirmed; reason for cuts and remaining structural capacity require formal assessment.,PENDING,
Screen-REF-006,Surface - Screening,Screens / Screen Chutes,Screen-REF-006,Screen-REF-006.jpg,Photo,C,Direct physical damage,E,DEFECT / CONDITION; MAINTENANCE / DESIGN DETAIL,Water loss of containment and separate screen-support deterioration,18. Screens - Confirmed Water Escape / Structural Story,Essential evidence of multiple support-member cut-outs/notches.,Water escape is confirmed but equipment-level cause is unresolved. Physical cut-outs are confirmed; reason for cuts and remaining structural capacity require formal assessment.,ACCEPTED,
Screen-REF-007,Surface - Screening,Screens / Screen Chutes,Screen-REF-007,Screen-REF-007.jpg,Photo,C,Direct corrosion/deterioration,S,DEFECT / CONDITION; EXTENT / SEVERITY; CONSEQUENCE,Water loss of containment and separate screen-support deterioration,18. Screens - Confirmed Water Escape / Structural Story,Supporting evidence for water loss of containment and separate screen-support deterioration.,Water escape is confirmed but equipment-level cause is unresolved. Physical cut-outs are confirmed; reason for cuts and remaining structural capacity require formal assessment.,PENDING,
Screen-REF-008,Surface - Screening,Screens / Screen Chutes,Screen-REF-008,Screen-REF-008.jpg,Photo,C,Direct corrosion/deterioration,E,DEFECT / CONDITION; EXTENT / SEVERITY; CONSEQUENCE,Water loss of containment and separate screen-support deterioration,18. Screens - Confirmed Water Escape / Structural Story,Broad corrosion/section-deterioration extent image.,Water escape is confirmed but equipment-level cause is unresolved. Physical cut-outs are confirmed; reason for cuts and remaining structural capacity require formal assessment.,ACCEPTED,
Screen-REF-009,Surface - Screening,Screens / Screen Chutes,Screen-REF-009,Screen-REF-009.jpg,Photo,C,Direct physical damage,S,DEFECT / CONDITION; MAINTENANCE / DESIGN DETAIL,Water loss of containment and separate screen-support deterioration,18. Screens - Confirmed Water Escape / Structural Story,Supporting evidence for water loss of containment and separate screen-support deterioration.,Water escape is confirmed but equipment-level cause is unresolved. Physical cut-outs are confirmed; reason for cuts and remaining structural capacity require formal assessment.,PENDING,
Screen-REF-010,Surface - Screening,Screens / Screen Chutes,Screen-REF-010,Screen-REF-010.jpg,Photo,C,Direct physical damage,E,DEFECT / CONDITION; MAINTENANCE / DESIGN DETAIL,Water loss of containment and separate screen-support deterioration,18. Screens - Confirmed Water Escape / Structural Story,Close evidence of a substantial support-member cut-out.,Water escape is confirmed but equipment-level cause is unresolved. Physical cut-outs are confirmed; reason for cuts and remaining structural capacity require formal assessment.,ACCEPTED,
Screen-REF-011,Surface - Screening,Screens / Screen Chutes,Screen-REF-011,Screen-REF-011.jpg,Photo,C,Direct corrosion/deterioration,S,DEFECT / CONDITION; EXTENT / SEVERITY; CONSEQUENCE,Water loss of containment and separate screen-support deterioration,18. Screens - Confirmed Water Escape / Structural Story,Supporting evidence for water loss of containment and separate screen-support deterioration.,Water escape is confirmed but equipment-level cause is unresolved. Physical cut-outs are confirmed; reason for cuts and remaining structural capacity require formal assessment.,PENDING,
Screen-REF-012,Surface - Screening,Screens / Screen Chutes,Screen-REF-012,Screen-REF-012.jpg,Photo,C,Supporting / Context,S,TOPOLOGY / ORIENTATION; PROCESS RELATIONSHIP,Water loss of containment and separate screen-support deterioration,18. Screens - Confirmed Water Escape / Structural Story,Supporting evidence for water loss of containment and separate screen-support deterioration.,Water escape is confirmed but equipment-level cause is unresolved. Physical cut-outs are confirmed; reason for cuts and remaining structural capacity require formal assessment.,PENDING,
Screen-REF-013,Surface - Screening,Screens / Screen Chutes,Screen-REF-013,Screen-REF-013.jpg,Photo,C,Direct corrosion/deterioration,S,DEFECT / CONDITION; EXTENT / SEVERITY; CONSEQUENCE,Water loss of containment and separate screen-support deterioration,18. Screens - Confirmed Water Escape / Structural Story,Supporting evidence for water loss of containment and separate screen-support deterioration.,Water escape is confirmed but equipment-level cause is unresolved. Physical cut-outs are confirmed; reason for cuts and remaining structural capacity require formal assessment.,PENDING,
Screen-REF-014,Surface - Screening,Screens / Screen Chutes,Screen-REF-014,Screen-REF-014.jpg,Photo,C,Supporting / Context,S,TOPOLOGY / ORIENTATION; PROCESS RELATIONSHIP,Water loss of containment and separate screen-support deterioration,18. Screens - Confirmed Water Escape / Structural Story,Supporting evidence for water loss of containment and separate screen-support deterioration.,Water escape is confirmed but equipment-level cause is unresolved. Physical cut-outs are confirmed; reason for cuts and remaining structural capacity require formal assessment.,PENDING,
Screen-REF-015,Surface - Screening,Screens / Screen Chutes,Screen-REF-015,Screen-REF-015.mp4,Video,C,Direct / Supporting video,S,OPERATING CONTEXT; MECHANISM,Water loss of containment and separate screen-support deterioration,18. Screens - Confirmed Water Escape / Structural Story,Supporting operating video showing wetting/runoff around the screen structure.,Water escape is confirmed but equipment-level cause is unresolved. Physical cut-outs are confirmed; reason for cuts and remaining structural capacity require formal assessment.,PENDING,
Screen-REF-016,Surface - Screening,Screens / Screen Chutes,Screen-REF-016,Screen-REF-016.mp4,Video,C,Direct dynamic,E,MECHANISM; OPERATING CONTEXT; CONSEQUENCE,Water loss of containment and separate screen-support deterioration,18. Screens - Confirmed Water Escape / Structural Story,Essential direct video of active water spray/droplets escaping containment.,Water escape is confirmed but equipment-level cause is unresolved. Physical cut-outs are confirmed; reason for cuts and remaining structural capacity require formal assessment.,ACCEPTED,
Screen-REF-017,Surface - Screening,Screens / Screen Chutes,Screen-REF-017,Screen-REF-017.mp4,Video,C,Direct dynamic,E,MECHANISM; OPERATING CONTEXT; EXTENT / SEVERITY; CONSEQUENCE,Water loss of containment and separate screen-support deterioration,18. Screens - Confirmed Water Escape / Structural Story,Essential wider dynamic evidence of substantial water spray/runoff and repeated wetting.,Water escape is confirmed but equipment-level cause is unresolved. Physical cut-outs are confirmed; reason for cuts and remaining structural capacity require formal assessment.,ACCEPTED,
LoadoutStationL1-REF-001,Surface - Loading Station,L1 Conveyor,LoadoutStationL1-REF-001,LoadoutStationL1-REF-001.jpg,Photo,C,Direct,S,EXTENT / SEVERITY; CONSEQUENCE,"L1 spillage, historical belt contact and structural deterioration","19. L1 - Spillage, Historical Belt Contact and Structural Deterioration","Supporting evidence for l1 spillage, historical belt contact and structural deterioration.","Wear slots prove prior/intermittent contact; the captured belt is clear, so continuous current contact must not be claimed. Structural capacity cannot be determined from photographs.",PENDING,
LoadoutStationL1-REF-002,Surface - Loading Station,L1 Conveyor,LoadoutStationL1-REF-002,LoadoutStationL1-REF-002.jpg,Photo,C,Direct,S,EXTENT / SEVERITY; CONSEQUENCE,"L1 spillage, historical belt contact and structural deterioration","19. L1 - Spillage, Historical Belt Contact and Structural Deterioration","Supporting evidence for l1 spillage, historical belt contact and structural deterioration.","Wear slots prove prior/intermittent contact; the captured belt is clear, so continuous current contact must not be claimed. Structural capacity cannot be determined from photographs.",PENDING,
LoadoutStationL1-REF-003,Surface - Loading Station,L1 Conveyor,LoadoutStationL1-REF-003,LoadoutStationL1-REF-003.jpg,Photo,C,Direct,S,DEFECT / CONDITION; EXTENT / SEVERITY; CONSEQUENCE,"L1 spillage, historical belt contact and structural deterioration","19. L1 - Spillage, Historical Belt Contact and Structural Deterioration",Principal concrete spalling/exposed-reinforcement evidence.,"Wear slots prove prior/intermittent contact; the captured belt is clear, so continuous current contact must not be claimed. Structural capacity cannot be determined from photographs.",PENDING,
LoadoutStationL1-REF-004,Surface - Loading Station,L1 Conveyor,LoadoutStationL1-REF-004,LoadoutStationL1-REF-004.jpg,Photo,C,Direct / Supporting,E,DEFECT / CONDITION; EXTENT / SEVERITY; CONSEQUENCE,"L1 spillage, historical belt contact and structural deterioration","19. L1 - Spillage, Historical Belt Contact and Structural Deterioration","Supporting evidence for l1 spillage, historical belt contact and structural deterioration.","Wear slots prove prior/intermittent contact; the captured belt is clear, so continuous current contact must not be claimed. Structural capacity cannot be determined from photographs.",ACCEPTED,
LoadoutStationL1-REF-005,Surface - Loading Station,L1 Conveyor,LoadoutStationL1-REF-005,LoadoutStationL1-REF-005.jpg,Photo,C,Direct,E,DEFECT / CONDITION; EXTENT / SEVERITY; CONSEQUENCE,"L1 spillage, historical belt contact and structural deterioration","19. L1 - Spillage, Historical Belt Contact and Structural Deterioration",Complementary close evidence of severe concrete loss and reinforcement exposure.,"Wear slots prove prior/intermittent contact; the captured belt is clear, so continuous current contact must not be claimed. Structural capacity cannot be determined from photographs.",ACCEPTED,
LoadoutStationL1-REF-006,Surface - Loading Station,L1 Conveyor,LoadoutStationL1-REF-006,LoadoutStationL1-REF-006.jpg,Photo,C,Direct / Supporting,S,DEFECT / CONDITION; EXTENT / SEVERITY; CONSEQUENCE,"L1 spillage, historical belt contact and structural deterioration","19. L1 - Spillage, Historical Belt Contact and Structural Deterioration","Supporting evidence for l1 spillage, historical belt contact and structural deterioration.","Wear slots prove prior/intermittent contact; the captured belt is clear, so continuous current contact must not be claimed. Structural capacity cannot be determined from photographs.",PENDING,
LoadoutStationL1-REF-007,Surface - Loading Station,L1 Conveyor,LoadoutStationL1-REF-007,LoadoutStationL1-REF-007.jpg,Photo,C,Direct,E,MECHANISM; DEFECT / CONDITION; OPERATING CONTEXT,"L1 spillage, historical belt contact and structural deterioration","19. L1 - Spillage, Historical Belt Contact and Structural Deterioration",Essential operating image showing historical wear slots beside a currently clear running belt.,"Wear slots prove prior/intermittent contact; the captured belt is clear, so continuous current contact must not be claimed. Structural capacity cannot be determined from photographs.",ACCEPTED,
LoadoutStationL1-REF-008,Surface - Loading Station,L1 Conveyor,LoadoutStationL1-REF-008,LoadoutStationL1-REF-008.jpg,Photo,C,Direct,E,DEFECT / CONDITION; EXTENT / SEVERITY,"L1 spillage, historical belt contact and structural deterioration","19. L1 - Spillage, Historical Belt Contact and Structural Deterioration",Principal steel section-loss/perforation evidence.,"Wear slots prove prior/intermittent contact; the captured belt is clear, so continuous current contact must not be claimed. Structural capacity cannot be determined from photographs.",ACCEPTED,
LoadoutStationL1-REF-009,Surface - Loading Station,L1 Conveyor,LoadoutStationL1-REF-009,LoadoutStationL1-REF-009.jpg,Photo,C,Direct,E,DEFECT / CONDITION; EXTENT / SEVERITY,"L1 spillage, historical belt contact and structural deterioration","19. L1 - Spillage, Historical Belt Contact and Structural Deterioration","Supporting evidence for l1 spillage, historical belt contact and structural deterioration.","Wear slots prove prior/intermittent contact; the captured belt is clear, so continuous current contact must not be claimed. Structural capacity cannot be determined from photographs.",ACCEPTED,
LoadoutStationL1-REF-010,Surface - Loading Station,L1 Conveyor,LoadoutStationL1-REF-010,LoadoutStationL1-REF-010.jpg,Photo,C,Direct / Supporting,S,EXTENT / SEVERITY; CONSEQUENCE,"L1 spillage, historical belt contact and structural deterioration","19. L1 - Spillage, Historical Belt Contact and Structural Deterioration","Supporting evidence for l1 spillage, historical belt contact and structural deterioration.","Wear slots prove prior/intermittent contact; the captured belt is clear, so continuous current contact must not be claimed. Structural capacity cannot be determined from photographs.",PENDING,
LoadoutStationL1-REF-011,Surface - Loading Station,L1 Conveyor,LoadoutStationL1-REF-011,LoadoutStationL1-REF-011.jpg,Photo,C,Direct / Supporting,S,EXTENT / SEVERITY; CONSEQUENCE,"L1 spillage, historical belt contact and structural deterioration","19. L1 - Spillage, Historical Belt Contact and Structural Deterioration","Supporting evidence for l1 spillage, historical belt contact and structural deterioration.","Wear slots prove prior/intermittent contact; the captured belt is clear, so continuous current contact must not be claimed. Structural capacity cannot be determined from photographs.",PENDING,
LoadoutStationL1-REF-012,Surface - Loading Station,L1 Conveyor,LoadoutStationL1-REF-012,LoadoutStationL1-REF-012.jpg,Photo,C,Direct,E,EXTENT / SEVERITY; CONSEQUENCE,"L1 spillage, historical belt contact and structural deterioration","19. L1 - Spillage, Historical Belt Contact and Structural Deterioration",Strong coarse/mixed-product accumulation around structure.,"Wear slots prove prior/intermittent contact; the captured belt is clear, so continuous current contact must not be claimed. Structural capacity cannot be determined from photographs.",ACCEPTED,
LoadoutStationL1-REF-013,Surface - Loading Station,L1 Conveyor,LoadoutStationL1-REF-013,LoadoutStationL1-REF-013.jpg,Photo,C,Direct,E,EXTENT / SEVERITY; CONSEQUENCE,"L1 spillage, historical belt contact and structural deterioration","19. L1 - Spillage, Historical Belt Contact and Structural Deterioration",Hero image of extensive product/fines accumulation across access/floor area.,"Wear slots prove prior/intermittent contact; the captured belt is clear, so continuous current contact must not be claimed. Structural capacity cannot be determined from photographs.",ACCEPTED,
LoadoutStationL1-REF-014,Surface - Loading Station,L1 Conveyor,LoadoutStationL1-REF-014,LoadoutStationL1-REF-014.jpg,Photo,C,Direct / Supporting,S,EXTENT / SEVERITY; CONSEQUENCE,"L1 spillage, historical belt contact and structural deterioration","19. L1 - Spillage, Historical Belt Contact and Structural Deterioration","Supporting evidence for l1 spillage, historical belt contact and structural deterioration.","Wear slots prove prior/intermittent contact; the captured belt is clear, so continuous current contact must not be claimed. Structural capacity cannot be determined from photographs.",PENDING,
LoadoutStationL1-REF-015,Surface - Loading Station,L1 Conveyor,LoadoutStationL1-REF-015,LoadoutStationL1-REF-015.jpg,Photo,C,Direct / Supporting,S,EXTENT / SEVERITY; CONSEQUENCE,"L1 spillage, historical belt contact and structural deterioration","19. L1 - Spillage, Historical Belt Contact and Structural Deterioration","Supporting evidence for l1 spillage, historical belt contact and structural deterioration.","Wear slots prove prior/intermittent contact; the captured belt is clear, so continuous current contact must not be claimed. Structural capacity cannot be determined from photographs.",PENDING,
LoadoutStationL1-REF-016,Surface - Loading Station,L1 Conveyor,LoadoutStationL1-REF-016,LoadoutStationL1-REF-016.jpg,Photo,C,Context only,A,TOPOLOGY / ORIENTATION,"L1 spillage, historical belt contact and structural deterioration","19. L1 - Spillage, Historical Belt Contact and Structural Deterioration","Supporting evidence for l1 spillage, historical belt contact and structural deterioration.","Wear slots prove prior/intermittent contact; the captured belt is clear, so continuous current contact must not be claimed. Structural capacity cannot be determined from photographs.",ACCEPTED,
LoadoutStationL1-REF-017,Surface - Loading Station,L1 Conveyor,LoadoutStationL1-REF-017,LoadoutStationL1-REF-017.jpg,Photo,C,Direct,E,EXTENT / SEVERITY; PROCESS RELATIONSHIP,"L1 spillage, historical belt contact and structural deterioration","19. L1 - Spillage, Historical Belt Contact and Structural Deterioration","Shows product accumulated at upper/adjacent structural elevations, supporting distributed consequence rather than floor-only deposits.","Wear slots prove prior/intermittent contact; the captured belt is clear, so continuous current contact must not be claimed. Structural capacity cannot be determined from photographs.",ACCEPTED,
LoadoutStationL1-REF-018,Surface - Loading Station,L1 Conveyor,LoadoutStationL1-REF-018,LoadoutStationL1-REF-018.jpg,Photo,C,Direct,S,EXTENT / SEVERITY; PROCESS RELATIONSHIP,"L1 spillage, historical belt contact and structural deterioration","19. L1 - Spillage, Historical Belt Contact and Structural Deterioration","Supporting evidence for l1 spillage, historical belt contact and structural deterioration.","Wear slots prove prior/intermittent contact; the captured belt is clear, so continuous current contact must not be claimed. Structural capacity cannot be determined from photographs.",PENDING,
LoadoutStationL2-REF-001,Surface - Loading Station,L2 Conveyor,LoadoutStationL2-REF-001,LoadoutStationL2-REF-001.jpg,Photo,E,Context / clean-condition baseline,A,COMPARATOR / CLEAN CONDITION; TOPOLOGY / ORIENTATION,Clean/no-significant-spillage comparator,7. Overall Spillage Picture / Supporting Comparators,Supporting evidence for clean/no-significant-spillage comparator.,Time-specific inspection baseline only; does not prove L2 can never spill. Photo and video share numeric REF-005 and must remain distinguished by filename/media type.,ACCEPTED,
LoadoutStationL2-REF-002,Surface - Loading Station,L2 Conveyor,LoadoutStationL2-REF-002,LoadoutStationL2-REF-002.jpg,Photo,E,Context / clean-condition baseline,A,COMPARATOR / CLEAN CONDITION; TOPOLOGY / ORIENTATION,Clean/no-significant-spillage comparator,7. Overall Spillage Picture / Supporting Comparators,Supporting evidence for clean/no-significant-spillage comparator.,Time-specific inspection baseline only; does not prove L2 can never spill. Photo and video share numeric REF-005 and must remain distinguished by filename/media type.,ACCEPTED,
LoadoutStationL2-REF-003,Surface - Loading Station,L2 Conveyor,LoadoutStationL2-REF-003,LoadoutStationL2-REF-003.jpg,Photo,E,Context / clean-condition baseline,A,COMPARATOR / CLEAN CONDITION; TOPOLOGY / ORIENTATION,Clean/no-significant-spillage comparator,7. Overall Spillage Picture / Supporting Comparators,Supporting evidence for clean/no-significant-spillage comparator.,Time-specific inspection baseline only; does not prove L2 can never spill. Photo and video share numeric REF-005 and must remain distinguished by filename/media type.,ACCEPTED,
LoadoutStationL2-REF-004,Surface - Loading Station,L2 Conveyor,LoadoutStationL2-REF-004,LoadoutStationL2-REF-004.jpg,Photo,E,Direct inspected-condition baseline,E,COMPARATOR / CLEAN CONDITION; TOPOLOGY / ORIENTATION,Clean/no-significant-spillage comparator,7. Overall Spillage Picture / Supporting Comparators,Preferred L2 clean-condition comparator.,Time-specific inspection baseline only; does not prove L2 can never spill. Photo and video share numeric REF-005 and must remain distinguished by filename/media type.,ACCEPTED,
LoadoutStationL2-REF-005,Surface - Loading Station,L2 Conveyor,LoadoutStationL2-REF-005,LoadoutStationL2-REF-005.jpg,Photo,E,Direct inspected-condition baseline,S,COMPARATOR / CLEAN CONDITION; TOPOLOGY / ORIENTATION,Clean/no-significant-spillage comparator,7. Overall Spillage Picture / Supporting Comparators,Second clean access/conveyor comparator retained for layout choice.,Time-specific inspection baseline only; does not prove L2 can never spill. Photo and video share numeric REF-005 and must remain distinguished by filename/media type.,PENDING,
LoadoutStationL2-REF-005 [video],Surface - Loading Station,L2 Conveyor,LoadoutStationL2-REF-005,LoadoutStationL2-REF-005.mp4,Video,E,Supporting / Direct inspected-condition baseline,A,COMPARATOR / CLEAN CONDITION; OPERATING CONTEXT,Clean/no-significant-spillage comparator,7. Overall Spillage Picture / Supporting Comparators,Video record of the inspected clean/contained operating condition; appendix/reference unless a dynamic comparator is needed.,Time-specific inspection baseline only; does not prove L2 can never spill. Photo and video share numeric REF-005 and must remain distinguished by filename/media type.,ACCEPTED,
LoadoutStationL2-REF-006,Surface - Loading Station,L2 Conveyor,LoadoutStationL2-REF-006,LoadoutStationL2-REF-006.jpg,Photo,E,Context / clean-condition baseline,A,COMPARATOR / CLEAN CONDITION; TOPOLOGY / ORIENTATION,Clean/no-significant-spillage comparator,7. Overall Spillage Picture / Supporting Comparators,Supporting evidence for clean/no-significant-spillage comparator.,Time-specific inspection baseline only; does not prove L2 can never spill. Photo and video share numeric REF-005 and must remain distinguished by filename/media type.,ACCEPTED,
LoadoutStationL3-REF-001,Surface - Loading Station,L3 Conveyor,LoadoutStationL3-REF-001,LoadoutStationL3-REF-001.jpg,Photo,B,Supporting / source-recorded alignment observation,E,MECHANISM; DEFECT / CONDITION,Alignment concern with separate fines accumulation,16. L3 - Alignment Concern Without Proven Solid-Product Causal Chain,Essential image supporting the recorded tail-end offset while preserving the need for quantitative alignment measurement.,Offset is visually supported but unmeasured; current record does not establish a direct causal chain to significant solid/lump-product loss.,ACCEPTED,
LoadoutStationL3-REF-002,Surface - Loading Station,L3 Conveyor,LoadoutStationL3-REF-002,LoadoutStationL3-REF-002.jpg,Photo,B,Context / Supporting,S,TOPOLOGY / ORIENTATION; EXTENT / SEVERITY,Alignment concern with separate fines accumulation,16. L3 - Alignment Concern Without Proven Solid-Product Causal Chain,Supporting evidence for alignment concern with separate fines accumulation.,Offset is visually supported but unmeasured; current record does not establish a direct causal chain to significant solid/lump-product loss.,PENDING,
LoadoutStationL3-REF-003,Surface - Loading Station,L3 Conveyor,LoadoutStationL3-REF-003,LoadoutStationL3-REF-003.jpg,Photo,B,Context / Supporting,S,TOPOLOGY / ORIENTATION; MECHANISM,Alignment concern with separate fines accumulation,16. L3 - Alignment Concern Without Proven Solid-Product Causal Chain,Internal belt/idler geometry supporting alignment context.,Offset is visually supported but unmeasured; current record does not establish a direct causal chain to significant solid/lump-product loss.,PENDING,
LoadoutStationL3-REF-004,Surface - Loading Station,L3 Conveyor,LoadoutStationL3-REF-004,LoadoutStationL3-REF-004.jpg,Photo,B,Context,A,TOPOLOGY / ORIENTATION,Alignment concern with separate fines accumulation,16. L3 - Alignment Concern Without Proven Solid-Product Causal Chain,Supporting evidence for alignment concern with separate fines accumulation.,Offset is visually supported but unmeasured; current record does not establish a direct causal chain to significant solid/lump-product loss.,ACCEPTED,
LoadoutStationL3-REF-005,Surface - Loading Station,L3 Conveyor,LoadoutStationL3-REF-005,LoadoutStationL3-REF-005.jpg,Photo,B,Context,A,TOPOLOGY / ORIENTATION,Alignment concern with separate fines accumulation,16. L3 - Alignment Concern Without Proven Solid-Product Causal Chain,Supporting evidence for alignment concern with separate fines accumulation.,Offset is visually supported but unmeasured; current record does not establish a direct causal chain to significant solid/lump-product loss.,ACCEPTED,
LoadoutStationL3-REF-006,Surface - Loading Station,L3 Conveyor,LoadoutStationL3-REF-006,LoadoutStationL3-REF-006.jpg,Photo,B,Context,A,TOPOLOGY / ORIENTATION,Alignment concern with separate fines accumulation,16. L3 - Alignment Concern Without Proven Solid-Product Causal Chain,Supporting evidence for alignment concern with separate fines accumulation.,Offset is visually supported but unmeasured; current record does not establish a direct causal chain to significant solid/lump-product loss.,ACCEPTED,
LoadoutStationL3-REF-007,Surface - Loading Station,L3 Conveyor,LoadoutStationL3-REF-007,LoadoutStationL3-REF-007.jpg,Photo,B,Direct,E,DEFECT / CONDITION; CONSEQUENCE,Alignment concern with separate fines accumulation,16. L3 - Alignment Concern Without Proven Solid-Product Causal Chain,Principal dry-fines/carryback contamination image.,Offset is visually supported but unmeasured; current record does not establish a direct causal chain to significant solid/lump-product loss.,ACCEPTED,
LoadoutStationL3-REF-008,Surface - Loading Station,L3 Conveyor,LoadoutStationL3-REF-008,LoadoutStationL3-REF-008.jpg,Photo,B,Direct,S,EXTENT / SEVERITY; CONSEQUENCE,Alignment concern with separate fines accumulation,16. L3 - Alignment Concern Without Proven Solid-Product Causal Chain,Supporting lower-deck fines/small-fragment accumulation.,Offset is visually supported but unmeasured; current record does not establish a direct causal chain to significant solid/lump-product loss.,PENDING,
LoadoutStationL4-REF-001,Surface - Loading Station,L4 Conveyor,LoadoutStationL4-REF-001,LoadoutStationL4-REF-001.jpg,Photo,E,Context / Supporting baseline,S,COMPARATOR / CLEAN CONDITION; TOPOLOGY / ORIENTATION,Localised dry fines/lump-product accumulation,7. Overall Spillage Picture / Other Supporting Asset Findings,Clean main-walkway context supporting localised rather than widespread classification.,Stills verify accumulated spillage but not the exact instantaneous material-fall mechanism.,PENDING,
LoadoutStationL4-REF-002,Surface - Loading Station,L4 Conveyor,LoadoutStationL4-REF-002,LoadoutStationL4-REF-002.jpg,Photo,E,Context,A,TOPOLOGY / ORIENTATION,Localised dry fines/lump-product accumulation,7. Overall Spillage Picture / Other Supporting Asset Findings,Supporting evidence for localised dry fines/lump-product accumulation.,Stills verify accumulated spillage but not the exact instantaneous material-fall mechanism.,ACCEPTED,
LoadoutStationL4-REF-003,Surface - Loading Station,L4 Conveyor,LoadoutStationL4-REF-003,LoadoutStationL4-REF-003.jpg,Photo,E,Direct,E,DEFECT / CONDITION; EXTENT / SEVERITY,Localised dry fines/lump-product accumulation,7. Overall Spillage Picture / Other Supporting Asset Findings,Principal localised fines/lump-product accumulation in lower side channels/support structure.,Stills verify accumulated spillage but not the exact instantaneous material-fall mechanism.,ACCEPTED,
LoadoutStationL4-REF-004,Surface - Loading Station,L4 Conveyor,LoadoutStationL4-REF-004,LoadoutStationL4-REF-004.jpg,Photo,E,Direct,E,DEFECT / CONDITION; EXTENT / SEVERITY,Localised dry fines/lump-product accumulation,7. Overall Spillage Picture / Other Supporting Asset Findings,Complementary localised-spillage view.,Stills verify accumulated spillage but not the exact instantaneous material-fall mechanism.,ACCEPTED,
LoadoutStationL4-REF-005,Surface - Loading Station,L4 Conveyor,LoadoutStationL4-REF-005,LoadoutStationL4-REF-005.jpg,Photo,E,Context / Supporting baseline,S,COMPARATOR / CLEAN CONDITION; CONSEQUENCE,Localised dry fines/lump-product accumulation,7. Overall Spillage Picture / Other Supporting Asset Findings,Supporting evidence for localised dry fines/lump-product accumulation.,Stills verify accumulated spillage but not the exact instantaneous material-fall mechanism.,PENDING,
LoadoutStationL4-REF-006,Surface - Loading Station,L4 Conveyor,LoadoutStationL4-REF-006,LoadoutStationL4-REF-006.jpg,Photo,E,Context,A,TOPOLOGY / ORIENTATION,Localised dry fines/lump-product accumulation,7. Overall Spillage Picture / Other Supporting Asset Findings,Supporting evidence for localised dry fines/lump-product accumulation.,Stills verify accumulated spillage but not the exact instantaneous material-fall mechanism.,ACCEPTED,
LoadoutStationL4-REF-007,Surface - Loading Station,L4 Conveyor,LoadoutStationL4-REF-007,LoadoutStationL4-REF-007.jpg,Photo,E,Direct operating context / Supporting,S,OPERATING CONTEXT; PROCESS RELATIONSHIP,Localised dry fines/lump-product accumulation,7. Overall Spillage Picture / Other Supporting Asset Findings,Loaded-belt context showing coarse product generally contained at the captured instant with residual deposits below.,Stills verify accumulated spillage but not the exact instantaneous material-fall mechanism.,PENDING,
LoadoutStationL4-REF-008,Surface - Loading Station,L4 Conveyor,LoadoutStationL4-REF-008,LoadoutStationL4-REF-008.jpg,Photo,E,Direct operating context / Supporting,S,OPERATING CONTEXT; PROCESS RELATIONSHIP,Localised dry fines/lump-product accumulation,7. Overall Spillage Picture / Other Supporting Asset Findings,Supporting evidence for localised dry fines/lump-product accumulation.,Stills verify accumulated spillage but not the exact instantaneous material-fall mechanism.,PENDING,
LoadoutStationSample1-REF-001,Surface - Loading Station,Sample Conveyor 1,LoadoutStationSample1-REF-001,LoadoutStationSample1-REF-001.jpg,Photo,E,Direct,S,EXTENT / SEVERITY; CONSEQUENCE,Extensive multi-level accumulation and sticky/moist deposition history,8. Fines Are Being Lost Progressively / 13. Sample Conveyors / Supporting Consequences,Supporting evidence for extensive multi-level accumulation and sticky/moist deposition history.,Active wetness and exact moisture source are not proven by the stills. Distributed deposits are proven; not every deposit can be attributed specifically to carryback.,PENDING,
LoadoutStationSample1-REF-002,Surface - Loading Station,Sample Conveyor 1,LoadoutStationSample1-REF-002,LoadoutStationSample1-REF-002.jpg,Photo,E,Direct,E,EXTENT / SEVERITY; CONSEQUENCE,Extensive multi-level accumulation and sticky/moist deposition history,8. Fines Are Being Lost Progressively / 13. Sample Conveyors / Supporting Consequences,"Shows spillage affecting stairs/access grating, supporting operational consequence.",Active wetness and exact moisture source are not proven by the stills. Distributed deposits are proven; not every deposit can be attributed specifically to carryback.,ACCEPTED,
LoadoutStationSample1-REF-003,Surface - Loading Station,Sample Conveyor 1,LoadoutStationSample1-REF-003,LoadoutStationSample1-REF-003.jpg,Photo,E,Direct / Supporting,S,EXTENT / SEVERITY; PROCESS RELATIONSHIP; CONSEQUENCE,Extensive multi-level accumulation and sticky/moist deposition history,8. Fines Are Being Lost Progressively / 13. Sample Conveyors / Supporting Consequences,Supporting evidence for extensive multi-level accumulation and sticky/moist deposition history.,Active wetness and exact moisture source are not proven by the stills. Distributed deposits are proven; not every deposit can be attributed specifically to carryback.,PENDING,
LoadoutStationSample1-REF-004,Surface - Loading Station,Sample Conveyor 1,LoadoutStationSample1-REF-004,LoadoutStationSample1-REF-004.jpg,Photo,E,Direct,S,EXTENT / SEVERITY; PROCESS RELATIONSHIP; CONSEQUENCE,Extensive multi-level accumulation and sticky/moist deposition history,8. Fines Are Being Lost Progressively / 13. Sample Conveyors / Supporting Consequences,Distributed material on beams at multiple elevations; proves spillage is not floor-only.,Active wetness and exact moisture source are not proven by the stills. Distributed deposits are proven; not every deposit can be attributed specifically to carryback.,PENDING,
LoadoutStationSample1-REF-005,Surface - Loading Station,Sample Conveyor 1,LoadoutStationSample1-REF-005,LoadoutStationSample1-REF-005.jpg,Photo,E,Direct physical condition / Supporting wet-sticky history,E,DEFECT / CONDITION; MECHANISM; CONSEQUENCE,Extensive multi-level accumulation and sticky/moist deposition history,8. Fines Are Being Lost Progressively / 13. Sample Conveyors / Supporting Consequences,Essential adhered/dried deposit with run/drip morphology supporting sticky/moist deposition history.,Active wetness and exact moisture source are not proven by the stills. Distributed deposits are proven; not every deposit can be attributed specifically to carryback.,ACCEPTED,
LoadoutStationSample1-REF-006,Surface - Loading Station,Sample Conveyor 1,LoadoutStationSample1-REF-006,LoadoutStationSample1-REF-006.jpg,Photo,E,Direct physical condition / Supporting wet-sticky history,S,DEFECT / CONDITION; MECHANISM; CONSEQUENCE,Extensive multi-level accumulation and sticky/moist deposition history,8. Fines Are Being Lost Progressively / 13. Sample Conveyors / Supporting Consequences,Supporting evidence for extensive multi-level accumulation and sticky/moist deposition history.,Active wetness and exact moisture source are not proven by the stills. Distributed deposits are proven; not every deposit can be attributed specifically to carryback.,PENDING,
LoadoutStationSample1-REF-007,Surface - Loading Station,Sample Conveyor 1,LoadoutStationSample1-REF-007,LoadoutStationSample1-REF-007.jpg,Photo,E,Direct,E,EXTENT / SEVERITY; PROCESS RELATIONSHIP; CONSEQUENCE,Extensive multi-level accumulation and sticky/moist deposition history,8. Fines Are Being Lost Progressively / 13. Sample Conveyors / Supporting Consequences,Wider distributed accumulation across multiple structural levels.,Active wetness and exact moisture source are not proven by the stills. Distributed deposits are proven; not every deposit can be attributed specifically to carryback.,ACCEPTED,
LoadoutStationSample1-REF-008,Surface - Loading Station,Sample Conveyor 1,LoadoutStationSample1-REF-008,LoadoutStationSample1-REF-008.jpg,Photo,E,Direct,E,CONSEQUENCE; EXTENT / SEVERITY,Extensive multi-level accumulation and sticky/moist deposition history,8. Fines Are Being Lost Progressively / 13. Sample Conveyors / Supporting Consequences,Essential coarse-product spillage across access grating.,Active wetness and exact moisture source are not proven by the stills. Distributed deposits are proven; not every deposit can be attributed specifically to carryback.,ACCEPTED,
LoadoutStationSample1-REF-009,Surface - Loading Station,Sample Conveyor 1,LoadoutStationSample1-REF-009,LoadoutStationSample1-REF-009.jpg,Photo,E,Direct,S,EXTENT / SEVERITY; PROCESS RELATIONSHIP; CONSEQUENCE,Extensive multi-level accumulation and sticky/moist deposition history,8. Fines Are Being Lost Progressively / 13. Sample Conveyors / Supporting Consequences,Supporting evidence for extensive multi-level accumulation and sticky/moist deposition history.,Active wetness and exact moisture source are not proven by the stills. Distributed deposits are proven; not every deposit can be attributed specifically to carryback.,PENDING,
LoadoutStationSample1-REF-010,Surface - Loading Station,Sample Conveyor 1,LoadoutStationSample1-REF-010,LoadoutStationSample1-REF-010.jpg,Photo,E,Direct,E,EXTENT / SEVERITY; PROCESS RELATIONSHIP; CONSEQUENCE,Extensive multi-level accumulation and sticky/moist deposition history,8. Fines Are Being Lost Progressively / 13. Sample Conveyors / Supporting Consequences,Strong extensive accumulation within lower/adjacent structure.,Active wetness and exact moisture source are not proven by the stills. Distributed deposits are proven; not every deposit can be attributed specifically to carryback.,ACCEPTED,
LoadoutStationSample1-REF-011,Surface - Loading Station,Sample Conveyor 1,LoadoutStationSample1-REF-011,LoadoutStationSample1-REF-011.jpg,Photo,E,Direct,E,EXTENT / SEVERITY; PROCESS RELATIONSHIP; CONSEQUENCE,Extensive multi-level accumulation and sticky/moist deposition history,8. Fines Are Being Lost Progressively / 13. Sample Conveyors / Supporting Consequences,Hero evidence of very large coarse/lump-product accumulation retained within surrounding structure.,Active wetness and exact moisture source are not proven by the stills. Distributed deposits are proven; not every deposit can be attributed specifically to carryback.,ACCEPTED,
LoadoutStationSample2-REF-001,Surface - Loading Station,Sample Conveyor 2,LoadoutStationSample2-REF-001,LoadoutStationSample2-REF-001.jpg,Photo,B,Direct,E,EXTENT / SEVERITY; CONSEQUENCE,Narrow-belt loading/product-size and local containment loss,"13. Sample Conveyors - Product Size, Feed and Limited Carrying Width",Hero extent/severity image of extensive lump-product accumulation around the installation.,Significant mistracking is not visually established. Images do not prove quantitative design-capacity overload or identify the final feed-control method.,ACCEPTED,
LoadoutStationSample2-REF-002,Surface - Loading Station,Sample Conveyor 2,LoadoutStationSample2-REF-002,LoadoutStationSample2-REF-002.jpg,Photo,B,Direct,S,EXTENT / SEVERITY,Narrow-belt loading/product-size and local containment loss,"13. Sample Conveyors - Product Size, Feed and Limited Carrying Width",Supporting evidence for narrow-belt loading/product-size and local containment loss.,Significant mistracking is not visually established. Images do not prove quantitative design-capacity overload or identify the final feed-control method.,PENDING,
LoadoutStationSample2-REF-003,Surface - Loading Station,Sample Conveyor 2,LoadoutStationSample2-REF-003,LoadoutStationSample2-REF-003.jpg,Photo,B,Direct,S,EXTENT / SEVERITY; CONSEQUENCE,Narrow-belt loading/product-size and local containment loss,"13. Sample Conveyors - Product Size, Feed and Limited Carrying Width",Supporting evidence for narrow-belt loading/product-size and local containment loss.,Significant mistracking is not visually established. Images do not prove quantitative design-capacity overload or identify the final feed-control method.,PENDING,
LoadoutStationSample2-REF-004,Surface - Loading Station,Sample Conveyor 2,LoadoutStationSample2-REF-004,LoadoutStationSample2-REF-004.jpg,Photo,B,Direct,E,MECHANISM; DEFECT / CONDITION,Narrow-belt loading/product-size and local containment loss,"13. Sample Conveyors - Product Size, Feed and Limited Carrying Width",Essential product-size-versus-narrow-belt-width evidence.,Significant mistracking is not visually established. Images do not prove quantitative design-capacity overload or identify the final feed-control method.,ACCEPTED,
LoadoutStationSample2-REF-005,Surface - Loading Station,Sample Conveyor 2,LoadoutStationSample2-REF-005,LoadoutStationSample2-REF-005.jpg,Photo,B,Direct / Supporting,S,OPERATING CONTEXT; PROCESS RELATIONSHIP,Narrow-belt loading/product-size and local containment loss,"13. Sample Conveyors - Product Size, Feed and Limited Carrying Width",Supporting evidence for narrow-belt loading/product-size and local containment loss.,Significant mistracking is not visually established. Images do not prove quantitative design-capacity overload or identify the final feed-control method.,PENDING,
LoadoutStationSample2-REF-006,Surface - Loading Station,Sample Conveyor 2,LoadoutStationSample2-REF-006,LoadoutStationSample2-REF-006.jpg,Photo,B,Direct,E,MECHANISM; DEFECT / CONDITION; CONSEQUENCE,Narrow-belt loading/product-size and local containment loss,"13. Sample Conveyors - Product Size, Feed and Limited Carrying Width",Essential containment-loss image with product outside the intended carrying path.,Significant mistracking is not visually established. Images do not prove quantitative design-capacity overload or identify the final feed-control method.,ACCEPTED,
LoadoutStationSample2-REF-007,Surface - Loading Station,Sample Conveyor 2,LoadoutStationSample2-REF-007,LoadoutStationSample2-REF-007.jpg,Photo,B,Direct,E,MECHANISM; PROCESS RELATIONSHIP; DEFECT / CONDITION,Narrow-belt loading/product-size and local containment loss,"13. Sample Conveyors - Product Size, Feed and Limited Carrying Width",Loaded narrow belt and surrounding containment relationship; strong support for loading/width concern.,Significant mistracking is not visually established. Images do not prove quantitative design-capacity overload or identify the final feed-control method.,ACCEPTED,
LoadoutStationSample2-REF-008,Surface - Loading Station,Sample Conveyor 2,LoadoutStationSample2-REF-008,LoadoutStationSample2-REF-008.jpg,Photo,B,Direct / Supporting,S,CONSEQUENCE; EXTENT / SEVERITY,Narrow-belt loading/product-size and local containment loss,"13. Sample Conveyors - Product Size, Feed and Limited Carrying Width",Secondary lower-structure accumulation showing ongoing consequence.,Significant mistracking is not visually established. Images do not prove quantitative design-capacity overload or identify the final feed-control method.,PENDING,
LoadoutStationSample3-REF-001,Surface - Loading Station,Sample Conveyor 3,LoadoutStationSample3-REF-001,LoadoutStationSample3-REF-001.jpg,Photo,B,Context only,S,TOPOLOGY / ORIENTATION,Narrow-belt loading/containment plus visually supported mistracking,13. Sample Conveyors / 14. Belt Tracking as a Material-Containment Requirement,General installation/topology context for the Sample 3 case study.,"Mistracking is visually supported but magnitude is unmeasured. Head/tail alignment, tension and trapped product remain hypotheses/inspection targets.",PENDING,
LoadoutStationSample3-REF-002,Surface - Loading Station,Sample Conveyor 3,LoadoutStationSample3-REF-002,LoadoutStationSample3-REF-002.jpg,Photo,B,Direct,E,EXTENT / SEVERITY; CONSEQUENCE,Narrow-belt loading/containment plus visually supported mistracking,13. Sample Conveyors / 14. Belt Tracking as a Material-Containment Requirement,Hero coarse-product containment-loss evidence.,"Mistracking is visually supported but magnitude is unmeasured. Head/tail alignment, tension and trapped product remain hypotheses/inspection targets.",ACCEPTED,
LoadoutStationSample3-REF-003,Surface - Loading Station,Sample Conveyor 3,LoadoutStationSample3-REF-003,LoadoutStationSample3-REF-003.jpg,Photo,B,Direct / Supporting,S,MECHANISM; DEFECT / CONDITION; CONSEQUENCE,Narrow-belt loading/containment plus visually supported mistracking,13. Sample Conveyors / 14. Belt Tracking as a Material-Containment Requirement,Supporting evidence for narrow-belt loading/containment plus visually supported mistracking.,"Mistracking is visually supported but magnitude is unmeasured. Head/tail alignment, tension and trapped product remain hypotheses/inspection targets.",PENDING,
LoadoutStationSample3-REF-004,Surface - Loading Station,Sample Conveyor 3,LoadoutStationSample3-REF-004,LoadoutStationSample3-REF-004.jpg,Photo,B,Direct / Supporting,S,MECHANISM; DEFECT / CONDITION; CONSEQUENCE,Narrow-belt loading/containment plus visually supported mistracking,13. Sample Conveyors / 14. Belt Tracking as a Material-Containment Requirement,Supporting evidence for narrow-belt loading/containment plus visually supported mistracking.,"Mistracking is visually supported but magnitude is unmeasured. Head/tail alignment, tension and trapped product remain hypotheses/inspection targets.",PENDING,
LoadoutStationSample3-REF-005,Surface - Loading Station,Sample Conveyor 3,LoadoutStationSample3-REF-005,LoadoutStationSample3-REF-005.jpg,Photo,B,Direct,E,MECHANISM; DEFECT / CONDITION; PROCESS RELATIONSHIP,Narrow-belt loading/containment plus visually supported mistracking,13. Sample Conveyors / 14. Belt Tracking as a Material-Containment Requirement,Essential coarse-lump size versus narrow-belt-width image.,"Mistracking is visually supported but magnitude is unmeasured. Head/tail alignment, tension and trapped product remain hypotheses/inspection targets.",ACCEPTED,
LoadoutStationSample3-REF-006,Surface - Loading Station,Sample Conveyor 3,LoadoutStationSample3-REF-006,LoadoutStationSample3-REF-006.jpg,Photo,B,Direct / Supporting,E,MECHANISM; DEFECT / CONDITION; PROCESS RELATIONSHIP,Narrow-belt loading/containment plus visually supported mistracking,13. Sample Conveyors / 14. Belt Tracking as a Material-Containment Requirement,Strong combined loading and lateral-offset context.,"Mistracking is visually supported but magnitude is unmeasured. Head/tail alignment, tension and trapped product remain hypotheses/inspection targets.",ACCEPTED,
LoadoutStationSample3-REF-007,Surface - Loading Station,Sample Conveyor 3,LoadoutStationSample3-REF-007,LoadoutStationSample3-REF-007.jpg,Photo,B,Direct,E,MECHANISM; DEFECT / CONDITION; CONSEQUENCE,Narrow-belt loading/containment plus visually supported mistracking,13. Sample Conveyors / 14. Belt Tracking as a Material-Containment Requirement,Product concentrated toward one side with material lodged beside the carrying path.,"Mistracking is visually supported but magnitude is unmeasured. Head/tail alignment, tension and trapped product remain hypotheses/inspection targets.",ACCEPTED,
LoadoutStationSample3-REF-008,Surface - Loading Station,Sample Conveyor 3,LoadoutStationSample3-REF-008,LoadoutStationSample3-REF-008.jpg,Photo,B,Direct,S,EXTENT / SEVERITY; CONSEQUENCE,Narrow-belt loading/containment plus visually supported mistracking,13. Sample Conveyors / 14. Belt Tracking as a Material-Containment Requirement,Supporting evidence for narrow-belt loading/containment plus visually supported mistracking.,"Mistracking is visually supported but magnitude is unmeasured. Head/tail alignment, tension and trapped product remain hypotheses/inspection targets.",PENDING,
LoadoutStationSample3-REF-009,Surface - Loading Station,Sample Conveyor 3,LoadoutStationSample3-REF-009,LoadoutStationSample3-REF-009.jpg,Photo,B,Direct / Supporting,S,MECHANISM; DEFECT / CONDITION; CONSEQUENCE,Narrow-belt loading/containment plus visually supported mistracking,13. Sample Conveyors / 14. Belt Tracking as a Material-Containment Requirement,Supporting evidence for narrow-belt loading/containment plus visually supported mistracking.,"Mistracking is visually supported but magnitude is unmeasured. Head/tail alignment, tension and trapped product remain hypotheses/inspection targets.",PENDING,
LoadoutStationSample3-REF-010,Surface - Loading Station,Sample Conveyor 3,LoadoutStationSample3-REF-010,LoadoutStationSample3-REF-010.jpg,Photo,B,Context only,S,TOPOLOGY / ORIENTATION; MAINTENANCE / DESIGN DETAIL,Narrow-belt loading/containment plus visually supported mistracking,13. Sample Conveyors / 14. Belt Tracking as a Material-Containment Requirement,Supporting evidence for narrow-belt loading/containment plus visually supported mistracking.,"Mistracking is visually supported but magnitude is unmeasured. Head/tail alignment, tension and trapped product remain hypotheses/inspection targets.",PENDING,
LoadoutStationSample3-REF-011,Surface - Loading Station,Sample Conveyor 3,LoadoutStationSample3-REF-011,LoadoutStationSample3-REF-011.jpg,Photo,B,Direct,S,MECHANISM; DEFECT / CONDITION; CONSEQUENCE,Narrow-belt loading/containment plus visually supported mistracking,13. Sample Conveyors / 14. Belt Tracking as a Material-Containment Requirement,Supporting evidence for narrow-belt loading/containment plus visually supported mistracking.,"Mistracking is visually supported but magnitude is unmeasured. Head/tail alignment, tension and trapped product remain hypotheses/inspection targets.",PENDING,
LoadoutStationSample3-REF-012,Surface - Loading Station,Sample Conveyor 3,LoadoutStationSample3-REF-012,LoadoutStationSample3-REF-012.jpg,Photo,B,Direct,E,EXTENT / SEVERITY; CONSEQUENCE,Narrow-belt loading/containment plus visually supported mistracking,13. Sample Conveyors / 14. Belt Tracking as a Material-Containment Requirement,Hero consequence image of extensive product on grating/access.,"Mistracking is visually supported but magnitude is unmeasured. Head/tail alignment, tension and trapped product remain hypotheses/inspection targets.",ACCEPTED,
LoadoutStationSample3-REF-013,Surface - Loading Station,Sample Conveyor 3,LoadoutStationSample3-REF-013,LoadoutStationSample3-REF-013.jpg,Photo,B,Direct / Supporting,E,MECHANISM; DEFECT / CONDITION; MAINTENANCE / DESIGN DETAIL,Narrow-belt loading/containment plus visually supported mistracking,13. Sample Conveyors / 14. Belt Tracking as a Material-Containment Requirement,Essential strongest still supporting lateral belt offset/mistracking.,"Mistracking is visually supported but magnitude is unmeasured. Head/tail alignment, tension and trapped product remain hypotheses/inspection targets.",ACCEPTED,
